Locale,Slug,IndexedInGoogle,Title_En,Title_Current
"ar","elizabeth-wu-zetian-iron-queens","NO","Elizabeth I & Wu Zetian: Iron Empresses Who Ruled Male-Dominated Empires","MISSING"
"ar","lincoln-leadership-depression","NO","Lincoln's Secret War: How He Saved a Divided Nation While Battling Depression","MISSING"
"hi","lincoln-leadership-depression","NO","Lincoln's Secret War: How He Saved a Divided Nation While Battling Depression","MISSING"
"ru","lincoln-leadership-depression","YES","Lincoln's Secret War: How He Saved a Divided Nation While Battling Depression","MISSING"
"th","lincoln-leadership-depression","NO","Lincoln's Secret War: How He Saved a Divided Nation While Battling Depression","MISSING"
"ar","feynman-technique-learning","NO","Master Complex Knowledge at Lightning Speed: The Feynman Technique Inspired by Einstein","MISSING"
"hi","feynman-technique-learning","NO","Master Complex Knowledge at Lightning Speed: The Feynman Technique Inspired by Einstein","MISSING"
"ru","feynman-technique-learning","YES","Master Complex Knowledge at Lightning Speed: The Feynman Technique Inspired by Einstein","MISSING"
"th","feynman-technique-learning","NO","Master Complex Knowledge at Lightning Speed: The Feynman Technique Inspired by Einstein","MISSING"
"ar","poe-obsession-psychology","NO","Edgar Allan Poe: Navigating the Dark Psychology of Human Obsession","MISSING"
"hi","poe-obsession-psychology","NO","Edgar Allan Poe: Navigating the Dark Psychology of Human Obsession","MISSING"
"ru","poe-obsession-psychology","YES","Edgar Allan Poe: Navigating the Dark Psychology of Human Obsession","MISSING"
"th","poe-obsession-psychology","NO","Edgar Allan Poe: Navigating the Dark Psychology of Human Obsession","MISSING"
"ar","tesla-edison-current-war","NO","Tesla vs. Edison: The War of Currents and the Clash of Innovation","MISSING"
"hi","tesla-edison-current-war","NO","Tesla vs. Edison: The War of Currents and the Clash of Innovation","MISSING"
"ru","tesla-edison-current-war","YES","Tesla vs. Edison: The War of Currents and the Clash of Innovation","MISSING"
"th","tesla-edison-current-war","NO","Tesla vs. Edison: The War of Currents and the Clash of Innovation","MISSING"
"ar","ford-automation-paradox","NO","Henry Ford and the Paradox of Automation: A Message for the AI Era","MISSING"
"hi","ford-automation-paradox","NO","Henry Ford and the Paradox of Automation: A Message for the AI Era","MISSING"
"ru","ford-automation-paradox","YES","Henry Ford and the Paradox of Automation: A Message for the AI Era","MISSING"
"th","ford-automation-paradox","NO","Henry Ford and the Paradox of Automation: A Message for the AI Era","MISSING"
"th","washington-sejong-nation-builders","NO","George Washington & King Sejong: Leadership Blueprints from Great Nation Builders","MISSING"
"ar","keller-gandhi-invisible-power","NO","Helen Keller and Gandhi: The Invisible Giants Who Moved Millions","MISSING"
"hi","keller-gandhi-invisible-power","NO","Helen Keller and Gandhi: The Invisible Giants Who Moved Millions","MISSING"
"ru","keller-gandhi-invisible-power","YES","Helen Keller and Gandhi: The Invisible Giants Who Moved Millions","MISSING"
"th","keller-gandhi-invisible-power","NO","Helen Keller and Gandhi: The Invisible Giants Who Moved Millions","MISSING"
"ar","da-vinci-time-management","NO","Leonardo da Vinci's Dark Art of Time Management: 5 Secrets to Maximizing Your Hours","MISSING"
"hi","da-vinci-time-management","NO","Leonardo da Vinci's Dark Art of Time Management: 5 Secrets to Maximizing Your Hours","MISSING"
"ru","da-vinci-time-management","YES","Leonardo da Vinci's Dark Art of Time Management: 5 Secrets to Maximizing Your Hours","MISSING"
"th","da-vinci-time-management","NO","Leonardo da Vinci's Dark Art of Time Management: 5 Secrets to Maximizing Your Hours","MISSING"
"ar","franklin-tactical-networking","NO","Benjamin Franklin's Social Mastery: The Art of Tactical Networking","MISSING"
"hi","franklin-tactical-networking","NO","Benjamin Franklin's Social Mastery: The Art of Tactical Networking","MISSING"
"ru","franklin-tactical-networking","YES","Benjamin Franklin's Social Mastery: The Art of Tactical Networking","MISSING"
"th","franklin-tactical-networking","NO","Benjamin Franklin's Social Mastery: The Art of Tactical Networking","MISSING"
"ar","mark-twain-humor-wit","NO","Mark Twain's Humor and Wit: Weaponizing Satire and Irony in a Cruel World","MISSING"
"hi","mark-twain-humor-wit","NO","Mark Twain's Humor and Wit: Weaponizing Satire and Irony in a Cruel World","MISSING"
"ru","mark-twain-humor-wit","YES","Mark Twain's Humor and Wit: Weaponizing Satire and Irony in a Cruel World","MISSING"
"th","mark-twain-humor-wit","NO","Mark Twain's Humor and Wit: Weaponizing Satire and Irony in a Cruel World","MISSING"
"pl","fear-giants","YES","Historical Giants Who Conquered Fear","MISSING"
"uk","fear-giants","YES","Historical Giants Who Conquered Fear","MISSING"
"pl","failure-comeback","YES","The Unyielding Spirit: Historical Giants Who Conquered Repeated Failures","MISSING"
"uk","failure-comeback","YES","The Unyielding Spirit: Historical Giants Who Conquered Repeated Failures","MISSING"
"pl","loneliness-creation","YES","The Productive Solitude of Outsiders Who Changed the World","MISSING"
"uk","loneliness-creation","YES","The Productive Solitude of Outsiders Who Changed the World","MISSING"
"pl","decision-making","YES","The Weight of Choice: Crucial Decisions That Rewrote the World","MISSING"
"uk","decision-making","YES","The Weight of Choice: Crucial Decisions That Rewrote the World","MISSING"
"pl","burnout-recovery","YES","Finding Meaning in the Void: Overcoming Historical Burnout","MISSING"
"uk","burnout-recovery","YES","Finding Meaning in the Void: Overcoming Historical Burnout","MISSING"
"pl","betrayal-relationship","YES","The Crucible of Trust: How Great Leaders Navigated Betrayal and Heartbreak","MISSING"
"uk","betrayal-relationship","YES","The Crucible of Trust: How Great Leaders Navigated Betrayal and Heartbreak","MISSING"
"fa","overwhelm-focus","NO","The Unwavering Gaze: Masters of Focus in the Crucible of Pressure","The Unwavering Gaze: Masters of Focus in the Crucible of Pressure"
"pl","overwhelm-focus","YES","The Unwavering Gaze: Masters of Focus in the Crucible of Pressure","MISSING"
"uk","overwhelm-focus","YES","The Unwavering Gaze: Masters of Focus in the Crucible of Pressure","MISSING"
"fa","late-bloomer","NO","The Unfolding Wisdom: Late Bloomers Who Reconfigured History After Forty","The Unfolding Wisdom: Late Bloomers Who Reconfigured History After Forty"
"pl","late-bloomer","YES","The Unfolding Wisdom: Late Bloomers Who Reconfigured History After Forty","MISSING"
"uk","late-bloomer","YES","The Unfolding Wisdom: Late Bloomers Who Reconfigured History After Forty","MISSING"
"pl","poverty-greatness","YES","From Dust to Divinity: Figures Who Forged Legacies from the Crucible of Hardship","MISSING"
"uk","poverty-greatness","YES","From Dust to Divinity: Figures Who Forged Legacies from the Crucible of Hardship","MISSING"
"pl","anxiety-philosophy","YES","From Inner Turmoil to Inner Peace: Converting Severe Anxiety into Stoic Philosophy","MISSING"
"uk","anxiety-philosophy","YES","From Inner Turmoil to Inner Peace: Converting Severe Anxiety into Stoic Philosophy","MISSING"
"pl","socrates-vs-confucius","YES","Socrates vs. Confucius: A Transcultural Dialogue on Wisdom","MISSING"
"uk","socrates-vs-confucius","YES","Socrates vs. Confucius: A Transcultural Dialogue on Wisdom","MISSING"
"pl","napoleon-vs-sejong","YES","Napoleon vs. King Sejong: Two Paths of Supreme Leadership","MISSING"
"uk","napoleon-vs-sejong","YES","Napoleon vs. King Sejong: Two Paths of Supreme Leadership","MISSING"
"pl","davinci-vs-newton","YES","Leonardo da Vinci vs. Isaac Newton: Two Archetypes of Genius","MISSING"
"uk","davinci-vs-newton","YES","Leonardo da Vinci vs. Isaac Newton: Two Archetypes of Genius","MISSING"
"pl","aurelius-vs-seneca","YES","Marcus Aurelius vs. Seneca: The Dual Dimensions of Stoicism","MISSING"
"uk","aurelius-vs-seneca","YES","Marcus Aurelius vs. Seneca: The Dual Dimensions of Stoicism","MISSING"
"pl","curie-vs-keller","YES","Marie Curie vs. Helen Keller: Conquering Social Prejudices and Redefining Human Potential","MISSING"
"uk","curie-vs-keller","YES","Marie Curie vs. Helen Keller: Conquering Social Prejudices and Redefining Human Potential","MISSING"
"pl","lincoln-vs-gandhi","YES","Abraham Lincoln vs. Mahatma Gandhi: Two Strategies for Liberty","MISSING"
"uk","lincoln-vs-gandhi","YES","Abraham Lincoln vs. Mahatma Gandhi: Two Strategies for Liberty","MISSING"
"pl","eastern-western-leadership","YES","The Echoes of Emperors and Sages: Eastern vs. Western Leadership Rooted in History","MISSING"
"uk","eastern-western-leadership","YES","The Echoes of Emperors and Sages: Eastern vs. Western Leadership Rooted in History","MISSING"
"pl","philosophers-death","YES","Facing the Void: How Great Thinkers Conquered Death","MISSING"
"uk","philosophers-death","YES","Facing the Void: How Great Thinkers Conquered Death","MISSING"
"pl","art-vs-science","YES","Merging Art and Science: The Synthesis of Human Genius","MISSING"
"uk","art-vs-science","YES","Merging Art and Science: The Synthesis of Human Genius","MISSING"
"pl","revolution-methods","YES","The Two Faces of Revolution: Armed Resistance vs. Non-Violent Protest","MISSING"
"uk","revolution-methods","YES","The Two Faces of Revolution: Armed Resistance vs. Non-Violent Protest","MISSING"
"pl","greatest-women-scientists","YES","Echoes of Brilliance: Pioneering Women in Science Who Shattered Glass Ceilings","MISSING"
"uk","greatest-women-scientists","YES","Echoes of Brilliance: Pioneering Women in Science Who Shattered Glass Ceilings","MISSING"
"pl","prison-wisdom","YES","Wisdom Behind Bars: Masterpieces Born in Confinement","MISSING"
"uk","prison-wisdom","YES","Wisdom Behind Bars: Masterpieces Born in Confinement","MISSING"
"pl","last-words","YES","Famous Last Words: The Final Wisdom of Historical Giants","MISSING"
"uk","last-words","YES","Famous Last Words: The Final Wisdom of Historical Giants","MISSING"
"pl","books-changed-world","YES","Books That Reconfigured the World: 4 Revolutionary Works","MISSING"
"uk","books-changed-world","YES","Books That Reconfigured the World: 4 Revolutionary Works","MISSING"
"pl","self-made-giants","YES","Self-Made Giants: Starting from Scratch to Rebuild Empires","MISSING"
"uk","self-made-giants","YES","Self-Made Giants: Starting from Scratch to Rebuild Empires","MISSING"
"pl","forgotten-geniuses","YES","Forgotten Geniuses: The Tragic Fate of Visionaries Ahead of Their Time","MISSING"
"uk","forgotten-geniuses","YES","Forgotten Geniuses: The Tragic Fate of Visionaries Ahead of Their Time","MISSING"
"pl","leaders-mental-health","YES","Depression and Triumph: The Mental Battles of Great Leaders","MISSING"
"uk","leaders-mental-health","YES","Depression and Triumph: The Mental Battles of Great Leaders","MISSING"
"pl","asian-wisdom-modern","YES","The Enduring Echo: Practical Eastern Wisdom for Navigating the Modern World","MISSING"
"uk","asian-wisdom-modern","YES","The Enduring Echo: Practical Eastern Wisdom for Navigating the Modern World","MISSING"
"pl","age-wisdom-connection","YES","The Crucible of Years: Wisdom Forged in Later Life","MISSING"
"uk","age-wisdom-connection","YES","The Crucible of Years: Wisdom Forged in Later Life","MISSING"
"pl","musashi-business","YES","The Way of Strategy: Miyamoto Musashi's 'Book of Five Rings' for the Modern Professional","MISSING"
"uk","musashi-business","YES","The Way of Strategy: Miyamoto Musashi's 'Book of Five Rings' for the Modern Professional","MISSING"
"pl","seneca-time","YES","Seneca on the Shortness of Life: A Warning to Modern Multi-Taskers","MISSING"
"uk","seneca-time","YES","Seneca on the Shortness of Life: A Warning to Modern Multi-Taskers","MISSING"
"pl","aurelius-diary","YES","Marcus Aurelius' Meditations: An Emperor's Morning Reflection Diary","MISSING"
"uk","aurelius-diary","YES","Marcus Aurelius' Meditations: An Emperor's Morning Reflection Diary","MISSING"
"pl","sun-tzu-modern","YES","The Unseen Battlefield: Applying Miyamoto Musashi's Strategy to Modern Management","MISSING"
"uk","sun-tzu-modern","YES","The Unseen Battlefield: Applying Miyamoto Musashi's Strategy to Modern Management","MISSING"
"pl","davinci-notebooks","YES","Leonardo da Vinci's Notebooks: The Meticulous Habits of a Genius","MISSING"
"uk","davinci-notebooks","YES","Leonardo da Vinci's Notebooks: The Meticulous Habits of a Genius","MISSING"
"pl","gandhi-resistance","YES","Mahatma Gandhi's Satyagraha: Lessons for Modern Conflict Resolution","MISSING"
"uk","gandhi-resistance","YES","Mahatma Gandhi's Satyagraha: Lessons for Modern Conflict Resolution","MISSING"
"pl","lincoln-depression","YES","Abraham Lincoln's Melancholy: How Pain Shaped Great Leadership","MISSING"
"uk","lincoln-depression","YES","Abraham Lincoln's Melancholy: How Pain Shaped Great Leadership","MISSING"
"pl","confucius-relationships","YES","Confucian Benevolence: Improving Modern Relationships via Ancient Wisdom","MISSING"
"uk","confucius-relationships","YES","Confucian Benevolence: Improving Modern Relationships via Ancient Wisdom","MISSING"
"pl","frida-pain","YES","Frida Kahlo's Painting of Pain: Converting Adversity into Artistic Triumph","MISSING"
"uk","frida-pain","YES","Frida Kahlo's Painting of Pain: Converting Adversity into Artistic Triumph","MISSING"
"pl","nietzsche-real","YES","Nietzsche's Übermensch: The True Spirit of Self-Overcoming","MISSING"
"uk","nietzsche-real","YES","Nietzsche's Übermensch: The True Spirit of Self-Overcoming","MISSING"
"pl","marcus-aurelius-quotes","YES","20 Marcus Aurelius Quotes: Timeless Wisdom from the Philosopher Emperor","MISSING"
"uk","marcus-aurelius-quotes","YES","20 Marcus Aurelius Quotes: Timeless Wisdom from the Philosopher Emperor","MISSING"
"pl","socrates-questions","YES","Socrates' Guide to Self-Reflection: Questions to Discover Yourself","MISSING"
"uk","socrates-questions","YES","Socrates' Guide to Self-Reflection: Questions to Discover Yourself","MISSING"
"pl","lincoln-failure-lessons","YES","Lincoln's Lessons from Failure: The Triumph of Persistence","MISSING"
"uk","lincoln-failure-lessons","YES","Lincoln's Lessons from Failure: The Triumph of Persistence","MISSING"
"pl","confucius-wisdom","YES","The Confucian Path of Lifelong Learning: Life Wisdom and Growth","MISSING"
"uk","confucius-wisdom","YES","The Confucian Path of Lifelong Learning: Life Wisdom and Growth","MISSING"
"pl","cleopatra-leadership","YES","Cleopatra's Secrets of Strategic Charisma: History's Most Fascinating Leadership","MISSING"
"uk","cleopatra-leadership","YES","Cleopatra's Secrets of Strategic Charisma: History's Most Fascinating Leadership","MISSING"
"pl","gandhi-nonviolence","YES","Gandhi's Unseen Arsenal: Satyagraha as a Spiritual Weapon","MISSING"
"uk","gandhi-nonviolence","YES","Gandhi's Unseen Arsenal: Satyagraha as a Spiritual Weapon","MISSING"
"pl","einstein-creativity","YES","Einstein on Imagination and Creativity: Power Greater Than Knowledge","MISSING"
"uk","einstein-creativity","YES","Einstein on Imagination and Creativity: Power Greater Than Knowledge","MISSING"
"pl","curie-perseverance","YES","Marie Curie's Devotion to Science: Timeless Light of Discovery","MISSING"
"uk","curie-perseverance","YES","Marie Curie's Devotion to Science: Timeless Light of Discovery","MISSING"
"pl","king-sejong-innovation","YES","King Sejong's Scientific Legacy: Leadership of Loving the People","MISSING"
"uk","king-sejong-innovation","YES","King Sejong's Scientific Legacy: Leadership of Loving the People","MISSING"
"pl","yun-dongju-poetry","YES","Yun Dong-ju's Poetry of Reflection: The Soul that Sang of Shame and Stars","MISSING"
"uk","yun-dongju-poetry","YES","Yun Dong-ju's Poetry of Reflection: The Soul that Sang of Shame and Stars","MISSING"
"pl","aristotle-virtue","YES","Aristotle's Ethics of Happiness: In Search of the Highest Good","MISSING"
"uk","aristotle-virtue","YES","Aristotle's Ethics of Happiness: In Search of the Highest Good","MISSING"
"pl","buddha-peace","YES","Buddha's Teachings on Inner Peace: The Mind That Conquers Suffering","MISSING"
"uk","buddha-peace","YES","Buddha's Teachings on Inner Peace: The Mind That Conquers Suffering","MISSING"
"pl","nietzsche-willpower","YES","Nietzsche's Guide to Self-Overcoming: The Will to Affirm Life","MISSING"
"uk","nietzsche-willpower","YES","Nietzsche's Guide to Self-Overcoming: The Will to Affirm Life","MISSING"
"pl","mozart-genius","YES","Mozart's Mind and Creative Madness: The Spirit of Music","MISSING"
"uk","mozart-genius","YES","Mozart's Mind and Creative Madness: The Spirit of Music","MISSING"
"pl","da-vinci-curiosity","YES","Leonardo da Vinci's Infinite Curiosity: The Wisdom of Observation","MISSING"
"uk","da-vinci-curiosity","YES","Leonardo da Vinci's Infinite Curiosity: The Wisdom of Observation","MISSING"
"pl","tesla-innovation","YES","Nikola Tesla's Vision of the Future: The Genius Inventor","MISSING"
"uk","tesla-innovation","YES","Nikola Tesla's Vision of the Future: The Genius Inventor","MISSING"
"pl","florence-nightingale","YES","Nightingale's Reformative Compassion: Legacy of the Lady with the Lamp","MISSING"
"uk","florence-nightingale","YES","Nightingale's Reformative Compassion: Legacy of the Lady with the Lamp","MISSING"
"pl","ada-lovelace-pioneer","YES","Ada Lovelace's Poetic Science: The First Computer Programmer","MISSING"
"uk","ada-lovelace-pioneer","YES","Ada Lovelace's Poetic Science: The First Computer Programmer","MISSING"
"pl","quotes-burnout-recovery","YES","10 Quotes for Overcoming Burnout: Wisdom to Comfort a Weary Mind","MISSING"
"uk","quotes-burnout-recovery","YES","10 Quotes for Overcoming Burnout: Wisdom to Comfort a Weary Mind","MISSING"
"pl","quotes-failure-resilience","YES","Rising Strong After Setbacks: Turning Failure into Growth","MISSING"
"uk","quotes-failure-resilience","YES","Rising Strong After Setbacks: Turning Failure into Growth","MISSING"
"pl","quotes-relationship-advice","YES","Stoic and Philosophical Guide to Relationships: Connection Without Pain","MISSING"
"uk","quotes-relationship-advice","YES","Stoic and Philosophical Guide to Relationships: Connection Without Pain","MISSING"
"pl","quotes-anxiety-calm","YES","Ancient Meditations for Severe Anxiety: Ways to Gain Peace of Mind","MISSING"
"uk","quotes-anxiety-calm","YES","Ancient Meditations for Severe Anxiety: Ways to Gain Peace of Mind","MISSING"
"pl","quotes-job-seeking","YES","Guidance for Career Search & Uncertainty: Compasses When You Are Lost","MISSING"
"uk","quotes-job-seeking","YES","Guidance for Career Search & Uncertainty: Compasses When You Are Lost","MISSING"
"pl","quotes-self-confidence","YES","Finding Genuine Self-Esteem: Philosophical Reflections on Inner Strength","MISSING"
"uk","quotes-self-confidence","YES","Finding Genuine Self-Esteem: Philosophical Reflections on Inner Strength","MISSING"
"pl","quotes-loneliness","YES","Embracing Creative Solitude: Transforming Loneliness into Energy","MISSING"
"uk","quotes-loneliness","YES","Embracing Creative Solitude: Transforming Loneliness into Energy","MISSING"
"pl","quotes-morning-motivation","YES","Daily Wisdom for Morning Inspiration: Starting the Day with Positivity","MISSING"
"uk","quotes-morning-motivation","YES","Daily Wisdom for Morning Inspiration: Starting the Day with Positivity","MISSING"
"pl","quotes-leadership-modern","YES","Applying Ancient Leadership to Modern Teams: Wisdom for High Performance","MISSING"
"uk","quotes-leadership-modern","YES","Applying Ancient Leadership to Modern Teams: Wisdom for High Performance","MISSING"
"pl","quotes-stoic-happiness","YES","Stoicism's Real Definition of Joy: The Unshakable Inner Self","MISSING"
"uk","quotes-stoic-happiness","YES","Stoicism's Real Definition of Joy: The Unshakable Inner Self","MISSING"
"pl","quotes-creative-block","YES","The Crucible of Creativity: How Great Artists Navigated and Overcame Artistic Slumps","MISSING"
"uk","quotes-creative-block","YES","The Crucible of Creativity: How Great Artists Navigated and Overcame Artistic Slumps","MISSING"
"pl","quotes-time-management","YES","Ancient Wisdom on Not Wasting Time: Seneca's Principles","MISSING"
"uk","quotes-time-management","YES","Ancient Wisdom on Not Wasting Time: Seneca's Principles","MISSING"
"pl","quotes-perfectionism","YES","Letting Go of Flawlessness: Wisdom to Embrace Imperfections","MISSING"
"uk","quotes-perfectionism","YES","Letting Go of Flawlessness: Wisdom to Embrace Imperfections","MISSING"
"pl","quotes-grief-loss","YES","Navigating Loss with Philosophical Comfort: Stoic and Buddhist Wisdom","MISSING"
"uk","quotes-grief-loss","YES","Navigating Loss with Philosophical Comfort: Stoic and Buddhist Wisdom","MISSING"
"pl","quotes-success-definition","YES","Redefining Success Beyond Wealth: Perspectives of Ancient Sages","MISSING"
"uk","quotes-success-definition","YES","Redefining Success Beyond Wealth: Perspectives of Ancient Sages","MISSING"
"pl","quotes-courage-fear","YES","Facing Modern Fears with Historical Courage: Lessons from Battle Leaders","MISSING"
"uk","quotes-courage-fear","YES","Facing Modern Fears with Historical Courage: Lessons from Battle Leaders","MISSING"
"pl","quotes-study-learning","YES","Lifelong Learning Secrets of the Masters: Reaching True Understanding","MISSING"
"uk","quotes-study-learning","YES","Lifelong Learning Secrets of the Masters: Reaching True Understanding","MISSING"
"pl","quotes-money-wealth","YES","The Dual Nature of Material Abundance: Wealth and Spiritual Harmony","MISSING"
"uk","quotes-money-wealth","YES","The Dual Nature of Material Abundance: Wealth and Spiritual Harmony","MISSING"
"pl","quotes-health-body","YES","Balance of Mind and Body in History: Health Philosophy of Giants","MISSING"
"uk","quotes-health-body","YES","Balance of Mind and Body in History: Health Philosophy of Giants","MISSING"
"pl","seneca-vs-aurelius-adversity","YES","Seneca vs. Marcus Aurelius on Adversity: Two Giants of Stoicism","MISSING"
"uk","seneca-vs-aurelius-adversity","YES","Seneca vs. Marcus Aurelius on Adversity: Two Giants of Stoicism","MISSING"
"pl","socrates-vs-confucius-wisdom","YES","Socrates vs. Confucius: A Dialogue on Virtue Across Continents","MISSING"
"uk","socrates-vs-confucius-wisdom","YES","Socrates vs. Confucius: A Dialogue on Virtue Across Continents","MISSING"
"pl","lincoln-vs-churchill-crisis","YES","Lincoln vs Churchill: Leading Under Crisis and Communicating Hope","MISSING"
"uk","lincoln-vs-churchill-crisis","YES","Lincoln vs Churchill: Leading Under Crisis and Communicating Hope","MISSING"
"pl","newton-vs-einstein-failure","YES","Newton vs Einstein: Scientific Struggles and Conquest of Failures","MISSING"
"uk","newton-vs-einstein-failure","YES","Newton vs Einstein: Scientific Struggles and Conquest of Failures","MISSING"
"pl","curie-vs-nightingale-barriers","YES","Marie Curie vs. Florence Nightingale: Breaking Barriers and Shaping Modernity","MISSING"
"uk","curie-vs-nightingale-barriers","YES","Marie Curie vs. Florence Nightingale: Breaking Barriers and Shaping Modernity","MISSING"
"pl","plato-vs-aristotle-truth","YES","Plato vs. Aristotle: Ideas vs. Reality in the Enduring Quest for Truth","MISSING"
"uk","plato-vs-aristotle-truth","YES","Plato vs. Aristotle: Ideas vs. Reality in the Enduring Quest for Truth","MISSING"
"pl","gandhi-vs-mandela-freedom","YES","Gandhi vs. Nelson Mandela: Architects of Freedom, Conquerors of Injustice","MISSING"
"uk","gandhi-vs-mandela-freedom","YES","Gandhi vs. Nelson Mandela: Architects of Freedom, Conquerors of Injustice","MISSING"
"pl","napoleon-vs-caesar-empire","YES","Napoleon vs. Julius Caesar: Ambition, Strategy, and the Limits of Power","MISSING"
"uk","napoleon-vs-caesar-empire","YES","Napoleon vs. Julius Caesar: Ambition, Strategy, and the Limits of Power","MISSING"
"pl","buddha-vs-stoics-suffering","YES","Buddhism vs. Stoicism on Suffering: Eastern and Western Paths to Healing","MISSING"
"uk","buddha-vs-stoics-suffering","YES","Buddhism vs. Stoicism on Suffering: Eastern and Western Paths to Healing","MISSING"
"pl","tesla-vs-edison-innovation","YES","Nikola Tesla vs. Thomas Edison: War of Visions and Electrifying Innovation","MISSING"
"uk","tesla-vs-edison-innovation","YES","Nikola Tesla vs. Thomas Edison: War of Visions and Electrifying Innovation","MISSING"
"pl","stoic-philosophers-guide","YES","The Ultimate Stoic Guide: Life Wisdom from Seneca, Aurelius, and Epictetus","MISSING"
"uk","stoic-philosophers-guide","YES","The Ultimate Stoic Guide: Life Wisdom from Seneca, Aurelius, and Epictetus","MISSING"
"pl","joseon-leaders-wisdom","YES","Leadership Secrets of Joseon Dynasty: Practical Philosophy of Masters","MISSING"
"uk","joseon-leaders-wisdom","YES","Leadership Secrets of Joseon Dynasty: Practical Philosophy of Masters","MISSING"
"pl","women-giants-history","YES","Women Who Reconfigured the World: Inspiring Narratives of Challenge","MISSING"
"uk","women-giants-history","YES","Women Who Reconfigured the World: Inspiring Narratives of Challenge","MISSING"
"pl","scientists-failure-success","YES","The Crucible of Error: How Scientific Persistence Forged Human Ingenuity","MISSING"
"uk","scientists-failure-success","YES","The Crucible of Error: How Scientific Persistence Forged Human Ingenuity","MISSING"
"pl","philosophers-on-happiness","YES","5 Philosophers on Living a Happy Life: Practical Sages on Joy","MISSING"
"uk","philosophers-on-happiness","YES","5 Philosophers on Living a Happy Life: Practical Sages on Joy","MISSING"
"pl","asian-giants-wisdom","YES","Practical Wisdom of Asian Giants: Harmony and Lifelong Insights","MISSING"
"uk","asian-giants-wisdom","YES","Practical Wisdom of Asian Giants: Harmony and Lifelong Insights","MISSING"
"pl","artists-creative-process","YES","Inside the Minds of History's Great Artists: Inspiration and Immersion","MISSING"
"uk","artists-creative-process","YES","Inside the Minds of History's Great Artists: Inspiration and Immersion","MISSING"
"pl","world-leaders-crisis","YES","World Leaders Who Conquered Extreme Crises: Strategy Under Threat","MISSING"
"uk","world-leaders-crisis","YES","World Leaders Who Conquered Extreme Crises: Strategy Under Threat","MISSING"
"pl","modern-lessons-ancient-wisdom","YES","Echoes from Antiquity: Ancient Philosophies for Modern Minds","MISSING"
"uk","modern-lessons-ancient-wisdom","YES","Echoes from Antiquity: Ancient Philosophies for Modern Minds","MISSING"
"pl","giants-quotes-monday-morning","YES","10 Quotes to Start Your Week: Monday Morning Inspiration from Antiquity","MISSING"
"uk","giants-quotes-monday-morning","YES","10 Quotes to Start Your Week: Monday Morning Inspiration from Antiquity","MISSING"
"ar","al-ghazali-wisdom","NO","The Proof of Islam, Al-Ghazali: The Great Wisdom and Spiritual Truth Gained Through Renunciation","MISSING"
"fa","al-ghazali-wisdom","NO","The Proof of Islam, Al-Ghazali: The Great Wisdom and Spiritual Truth Gained Through Renunciation","MISSING"
"hi","al-ghazali-wisdom","NO","The Proof of Islam, Al-Ghazali: The Great Wisdom and Spiritual Truth Gained Through Renunciation","MISSING"
"nl","al-ghazali-wisdom","NO","The Proof of Islam, Al-Ghazali: The Great Wisdom and Spiritual Truth Gained Through Renunciation","MISSING"
"th","al-ghazali-wisdom","NO","The Proof of Islam, Al-Ghazali: The Great Wisdom and Spiritual Truth Gained Through Renunciation","MISSING"
"tr","al-ghazali-wisdom","NO","The Proof of Islam, Al-Ghazali: The Great Wisdom and Spiritual Truth Gained Through Renunciation","MISSING"
"vi","al-ghazali-wisdom","NO","The Proof of Islam, Al-Ghazali: The Great Wisdom and Spiritual Truth Gained Through Renunciation","MISSING"
"zh","al-ghazali-wisdom","NO","The Proof of Islam, Al-Ghazali: The Great Wisdom and Spiritual Truth Gained Through Renunciation","MISSING"
"ar","ibn-khaldun-wisdom","NO","[Giant of History] Ibn Khaldun: Piercing the Rise and Fall of Civilizations from the 14th-Century Desert","MISSING"
"fa","ibn-khaldun-wisdom","NO","[Giant of History] Ibn Khaldun: Piercing the Rise and Fall of Civilizations from the 14th-Century Desert","MISSING"
"hi","ibn-khaldun-wisdom","NO","[Giant of History] Ibn Khaldun: Piercing the Rise and Fall of Civilizations from the 14th-Century Desert","MISSING"
"nl","ibn-khaldun-wisdom","NO","[Giant of History] Ibn Khaldun: Piercing the Rise and Fall of Civilizations from the 14th-Century Desert","MISSING"
"th","ibn-khaldun-wisdom","NO","[Giant of History] Ibn Khaldun: Piercing the Rise and Fall of Civilizations from the 14th-Century Desert","MISSING"
"tr","ibn-khaldun-wisdom","NO","[Giant of History] Ibn Khaldun: Piercing the Rise and Fall of Civilizations from the 14th-Century Desert","MISSING"
"vi","ibn-khaldun-wisdom","NO","[Giant of History] Ibn Khaldun: Piercing the Rise and Fall of Civilizations from the 14th-Century Desert","MISSING"
"zh","ibn-khaldun-wisdom","NO","[Giant of History] Ibn Khaldun: Piercing the Rise and Fall of Civilizations from the 14th-Century Desert","MISSING"
"ar","ibn-sina-wisdom","NO","[Giant of Wisdom] The 'Prince of Scholars' Ibn Sina: The Essence of Intellect Blooming in Chaos","MISSING"
"fa","ibn-sina-wisdom","NO","[Giant of Wisdom] The 'Prince of Scholars' Ibn Sina: The Essence of Intellect Blooming in Chaos","MISSING"
"hi","ibn-sina-wisdom","NO","[Giant of Wisdom] The 'Prince of Scholars' Ibn Sina: The Essence of Intellect Blooming in Chaos","MISSING"
"nl","ibn-sina-wisdom","NO","[Giant of Wisdom] The 'Prince of Scholars' Ibn Sina: The Essence of Intellect Blooming in Chaos","MISSING"
"th","ibn-sina-wisdom","NO","[Giant of Wisdom] The 'Prince of Scholars' Ibn Sina: The Essence of Intellect Blooming in Chaos","MISSING"
"tr","ibn-sina-wisdom","NO","[Giant of Wisdom] The 'Prince of Scholars' Ibn Sina: The Essence of Intellect Blooming in Chaos","MISSING"
"vi","ibn-sina-wisdom","NO","[Giant of Wisdom] The 'Prince of Scholars' Ibn Sina: The Essence of Intellect Blooming in Chaos","MISSING"
"zh","ibn-sina-wisdom","NO","[Giant of Wisdom] The 'Prince of Scholars' Ibn Sina: The Essence of Intellect Blooming in Chaos","MISSING"
"ar","ibn-al-haytham-wisdom","NO","Ibn al-Haytham: The Father of Modern Optics Who Unveiled the Essence of Light in the Dark","MISSING"
"fa","ibn-al-haytham-wisdom","NO","Ibn al-Haytham: The Father of Modern Optics Who Unveiled the Essence of Light in the Dark","MISSING"
"hi","ibn-al-haytham-wisdom","NO","Ibn al-Haytham: The Father of Modern Optics Who Unveiled the Essence of Light in the Dark","MISSING"
"nl","ibn-al-haytham-wisdom","NO","Ibn al-Haytham: The Father of Modern Optics Who Unveiled the Essence of Light in the Dark","MISSING"
"th","ibn-al-haytham-wisdom","NO","Ibn al-Haytham: The Father of Modern Optics Who Unveiled the Essence of Light in the Dark","MISSING"
"tr","ibn-al-haytham-wisdom","NO","Ibn al-Haytham: The Father of Modern Optics Who Unveiled the Essence of Light in the Dark","MISSING"
"vi","ibn-al-haytham-wisdom","NO","Ibn al-Haytham: The Father of Modern Optics Who Unveiled the Essence of Light in the Dark","MISSING"
"zh","ibn-al-haytham-wisdom","NO","Ibn al-Haytham: The Father of Modern Optics Who Unveiled the Essence of Light in the Dark","MISSING"
"ar","rumi-wisdom","NO","The Poet of Divine Love and Healing: The Soul-Awakening Wisdom of Rumi","MISSING"
"fa","rumi-wisdom","NO","The Poet of Divine Love and Healing: The Soul-Awakening Wisdom of Rumi","MISSING"
"hi","rumi-wisdom","NO","The Poet of Divine Love and Healing: The Soul-Awakening Wisdom of Rumi","MISSING"
"nl","rumi-wisdom","NO","The Poet of Divine Love and Healing: The Soul-Awakening Wisdom of Rumi","MISSING"
"th","rumi-wisdom","NO","The Poet of Divine Love and Healing: The Soul-Awakening Wisdom of Rumi","MISSING"
"tr","rumi-wisdom","NO","The Poet of Divine Love and Healing: The Soul-Awakening Wisdom of Rumi","MISSING"
"vi","rumi-wisdom","NO","The Poet of Divine Love and Healing: The Soul-Awakening Wisdom of Rumi","MISSING"
"zh","rumi-wisdom","NO","The Poet of Divine Love and Healing: The Soul-Awakening Wisdom of Rumi","MISSING"
"ar","omar-khayyam-wisdom","NO","A Mathematician’s Poetry — The Attitude Towards a Finite Life","MISSING"
"fa","omar-khayyam-wisdom","NO","A Mathematician’s Poetry — The Attitude Towards a Finite Life","MISSING"
"hi","omar-khayyam-wisdom","NO","A Mathematician’s Poetry — The Attitude Towards a Finite Life","MISSING"
"id","omar-khayyam-wisdom","YES","A Mathematician’s Poetry — The Attitude Towards a Finite Life","MISSING"
"nl","omar-khayyam-wisdom","NO","A Mathematician’s Poetry — The Attitude Towards a Finite Life","MISSING"
"pl","omar-khayyam-wisdom","YES","A Mathematician’s Poetry — The Attitude Towards a Finite Life","MISSING"
"th","omar-khayyam-wisdom","NO","A Mathematician’s Poetry — The Attitude Towards a Finite Life","MISSING"
"tr","omar-khayyam-wisdom","NO","A Mathematician’s Poetry — The Attitude Towards a Finite Life","MISSING"
"uk","omar-khayyam-wisdom","YES","A Mathematician’s Poetry — The Attitude Towards a Finite Life","MISSING"
"vi","omar-khayyam-wisdom","NO","A Mathematician’s Poetry — The Attitude Towards a Finite Life","MISSING"
"zh","omar-khayyam-wisdom","NO","A Mathematician’s Poetry — The Attitude Towards a Finite Life","MISSING"
"ar","ibn-battuta-wisdom","NO","75,000 Miles in 30 Years — The Worldview of a Man Who Walked the Earth","MISSING"
"fa","ibn-battuta-wisdom","NO","75,000 Miles in 30 Years — The Worldview of a Man Who Walked the Earth","MISSING"
"hi","ibn-battuta-wisdom","NO","75,000 Miles in 30 Years — The Worldview of a Man Who Walked the Earth","MISSING"
"id","ibn-battuta-wisdom","YES","75,000 Miles in 30 Years — The Worldview of a Man Who Walked the Earth","MISSING"
"nl","ibn-battuta-wisdom","NO","75,000 Miles in 30 Years — The Worldview of a Man Who Walked the Earth","MISSING"
"pl","ibn-battuta-wisdom","YES","75,000 Miles in 30 Years — The Worldview of a Man Who Walked the Earth","MISSING"
"th","ibn-battuta-wisdom","NO","75,000 Miles in 30 Years — The Worldview of a Man Who Walked the Earth","MISSING"
"tr","ibn-battuta-wisdom","NO","75,000 Miles in 30 Years — The Worldview of a Man Who Walked the Earth","MISSING"
"uk","ibn-battuta-wisdom","YES","75,000 Miles in 30 Years — The Worldview of a Man Who Walked the Earth","MISSING"
"vi","ibn-battuta-wisdom","NO","75,000 Miles in 30 Years — The Worldview of a Man Who Walked the Earth","MISSING"
"zh","ibn-battuta-wisdom","NO","75,000 Miles in 30 Years — The Worldview of a Man Who Walked the Earth","MISSING"
"ar","mansa-musa-wisdom","NO","The True Purpose of Wealth: Lessons from History's Richest Sovereign","MISSING"
"fa","mansa-musa-wisdom","NO","The True Purpose of Wealth: Lessons from History's Richest Sovereign","MISSING"
"hi","mansa-musa-wisdom","NO","The True Purpose of Wealth: Lessons from History's Richest Sovereign","MISSING"
"id","mansa-musa-wisdom","YES","The True Purpose of Wealth: Lessons from History's Richest Sovereign","MISSING"
"nl","mansa-musa-wisdom","NO","The True Purpose of Wealth: Lessons from History's Richest Sovereign","MISSING"
"pl","mansa-musa-wisdom","YES","The True Purpose of Wealth: Lessons from History's Richest Sovereign","MISSING"
"th","mansa-musa-wisdom","NO","The True Purpose of Wealth: Lessons from History's Richest Sovereign","MISSING"
"tr","mansa-musa-wisdom","NO","The True Purpose of Wealth: Lessons from History's Richest Sovereign","MISSING"
"uk","mansa-musa-wisdom","YES","The True Purpose of Wealth: Lessons from History's Richest Sovereign","MISSING"
"vi","mansa-musa-wisdom","NO","The True Purpose of Wealth: Lessons from History's Richest Sovereign","MISSING"
"zh","mansa-musa-wisdom","NO","The True Purpose of Wealth: Lessons from History's Richest Sovereign","MISSING"
"ar","ashoka-the-great-wisdom","NO","From Conqueror to Compassionate Ruler: How Remorse Forged a New Path","MISSING"
"fa","ashoka-the-great-wisdom","NO","From Conqueror to Compassionate Ruler: How Remorse Forged a New Path","MISSING"
"hi","ashoka-the-great-wisdom","NO","From Conqueror to Compassionate Ruler: How Remorse Forged a New Path","MISSING"
"id","ashoka-the-great-wisdom","YES","From Conqueror to Compassionate Ruler: How Remorse Forged a New Path","MISSING"
"nl","ashoka-the-great-wisdom","NO","From Conqueror to Compassionate Ruler: How Remorse Forged a New Path","MISSING"
"pl","ashoka-the-great-wisdom","YES","From Conqueror to Compassionate Ruler: How Remorse Forged a New Path","MISSING"
"th","ashoka-the-great-wisdom","NO","From Conqueror to Compassionate Ruler: How Remorse Forged a New Path","MISSING"
"tr","ashoka-the-great-wisdom","NO","From Conqueror to Compassionate Ruler: How Remorse Forged a New Path","MISSING"
"uk","ashoka-the-great-wisdom","YES","From Conqueror to Compassionate Ruler: How Remorse Forged a New Path","MISSING"
"vi","ashoka-the-great-wisdom","NO","From Conqueror to Compassionate Ruler: How Remorse Forged a New Path","MISSING"
"zh","ashoka-the-great-wisdom","NO","From Conqueror to Compassionate Ruler: How Remorse Forged a New Path","MISSING"
"ar","rabindranath-tagore-wisdom","NO","What is True Education? The Profound Question of Asia's First Nobel Laureate","MISSING"
"fa","rabindranath-tagore-wisdom","NO","What is True Education? The Profound Question of Asia's First Nobel Laureate","MISSING"
"hi","rabindranath-tagore-wisdom","NO","What is True Education? The Profound Question of Asia's First Nobel Laureate","MISSING"
"id","rabindranath-tagore-wisdom","YES","What is True Education? The Profound Question of Asia's First Nobel Laureate","MISSING"
"nl","rabindranath-tagore-wisdom","NO","What is True Education? The Profound Question of Asia's First Nobel Laureate","MISSING"
"pl","rabindranath-tagore-wisdom","YES","What is True Education? The Profound Question of Asia's First Nobel Laureate","MISSING"
"th","rabindranath-tagore-wisdom","NO","What is True Education? The Profound Question of Asia's First Nobel Laureate","MISSING"
"tr","rabindranath-tagore-wisdom","NO","What is True Education? The Profound Question of Asia's First Nobel Laureate","MISSING"
"uk","rabindranath-tagore-wisdom","YES","What is True Education? The Profound Question of Asia's First Nobel Laureate","MISSING"
"vi","rabindranath-tagore-wisdom","NO","What is True Education? The Profound Question of Asia's First Nobel Laureate","MISSING"
"zh","rabindranath-tagore-wisdom","NO","What is True Education? The Profound Question of Asia's First Nobel Laureate","MISSING"
"ar","simon-bolivar-wisdom","NO","Enduring the Disillusionment of Liberation: Simón Bolívar's Philosophy of Solitary Triumph","MISSING"
"fa","simon-bolivar-wisdom","NO","Enduring the Disillusionment of Liberation: Simón Bolívar's Philosophy of Solitary Triumph","MISSING"
"hi","simon-bolivar-wisdom","NO","Enduring the Disillusionment of Liberation: Simón Bolívar's Philosophy of Solitary Triumph","MISSING"
"id","simon-bolivar-wisdom","YES","Enduring the Disillusionment of Liberation: Simón Bolívar's Philosophy of Solitary Triumph","MISSING"
"nl","simon-bolivar-wisdom","NO","Enduring the Disillusionment of Liberation: Simón Bolívar's Philosophy of Solitary Triumph","MISSING"
"pl","simon-bolivar-wisdom","YES","Enduring the Disillusionment of Liberation: Simón Bolívar's Philosophy of Solitary Triumph","MISSING"
"th","simon-bolivar-wisdom","NO","Enduring the Disillusionment of Liberation: Simón Bolívar's Philosophy of Solitary Triumph","MISSING"
"tr","simon-bolivar-wisdom","NO","Enduring the Disillusionment of Liberation: Simón Bolívar's Philosophy of Solitary Triumph","MISSING"
"uk","simon-bolivar-wisdom","YES","Enduring the Disillusionment of Liberation: Simón Bolívar's Philosophy of Solitary Triumph","MISSING"
"vi","simon-bolivar-wisdom","NO","Enduring the Disillusionment of Liberation: Simón Bolívar's Philosophy of Solitary Triumph","MISSING"
"zh","simon-bolivar-wisdom","NO","Enduring the Disillusionment of Liberation: Simón Bolívar's Philosophy of Solitary Triumph","MISSING"
"ar","al-biruni-wisdom","NO","The Objective Gaze: What Al-Biruni's Tolerance and Intellect Ask of Us Today","MISSING"
"fa","al-biruni-wisdom","NO","The Objective Gaze: What Al-Biruni's Tolerance and Intellect Ask of Us Today","MISSING"
"hi","al-biruni-wisdom","NO","The Objective Gaze: What Al-Biruni's Tolerance and Intellect Ask of Us Today","MISSING"
"id","al-biruni-wisdom","YES","The Objective Gaze: What Al-Biruni's Tolerance and Intellect Ask of Us Today","MISSING"
"nl","al-biruni-wisdom","NO","The Objective Gaze: What Al-Biruni's Tolerance and Intellect Ask of Us Today","MISSING"
"pl","al-biruni-wisdom","YES","The Objective Gaze: What Al-Biruni's Tolerance and Intellect Ask of Us Today","MISSING"
"th","al-biruni-wisdom","NO","The Objective Gaze: What Al-Biruni's Tolerance and Intellect Ask of Us Today","MISSING"
"tr","al-biruni-wisdom","NO","The Objective Gaze: What Al-Biruni's Tolerance and Intellect Ask of Us Today","MISSING"
"uk","al-biruni-wisdom","YES","The Objective Gaze: What Al-Biruni's Tolerance and Intellect Ask of Us Today","MISSING"
"vi","al-biruni-wisdom","NO","The Objective Gaze: What Al-Biruni's Tolerance and Intellect Ask of Us Today","MISSING"
"zh","al-biruni-wisdom","NO","The Objective Gaze: What Al-Biruni's Tolerance and Intellect Ask of Us Today","MISSING"
"ar","ibn-arabi-wisdom","NO","The Inner Map — Ibn Arabi, the Sufi Who Pondered Existence","MISSING"
"fa","ibn-arabi-wisdom","NO","The Inner Map — Ibn Arabi, the Sufi Who Pondered Existence","MISSING"
"hi","ibn-arabi-wisdom","NO","The Inner Map — Ibn Arabi, the Sufi Who Pondered Existence","MISSING"
"id","ibn-arabi-wisdom","YES","The Inner Map — Ibn Arabi, the Sufi Who Pondered Existence","MISSING"
"nl","ibn-arabi-wisdom","NO","The Inner Map — Ibn Arabi, the Sufi Who Pondered Existence","MISSING"
"pl","ibn-arabi-wisdom","YES","The Inner Map — Ibn Arabi, the Sufi Who Pondered Existence","MISSING"
"th","ibn-arabi-wisdom","NO","The Inner Map — Ibn Arabi, the Sufi Who Pondered Existence","MISSING"
"tr","ibn-arabi-wisdom","NO","The Inner Map — Ibn Arabi, the Sufi Who Pondered Existence","MISSING"
"uk","ibn-arabi-wisdom","YES","The Inner Map — Ibn Arabi, the Sufi Who Pondered Existence","MISSING"
"vi","ibn-arabi-wisdom","NO","The Inner Map — Ibn Arabi, the Sufi Who Pondered Existence","MISSING"
"zh","ibn-arabi-wisdom","NO","The Inner Map — Ibn Arabi, the Sufi Who Pondered Existence","MISSING"
"ar","saadi-shirazi-wisdom","NO","Saadi Shirazi's Wisdom: Humanity as Limbs of One Body — The Ethics of Empathy","MISSING"
"fa","saadi-shirazi-wisdom","NO","Saadi Shirazi's Wisdom: Humanity as Limbs of One Body — The Ethics of Empathy","MISSING"
"hi","saadi-shirazi-wisdom","NO","Saadi Shirazi's Wisdom: Humanity as Limbs of One Body — The Ethics of Empathy","MISSING"
"id","saadi-shirazi-wisdom","YES","Saadi Shirazi's Wisdom: Humanity as Limbs of One Body — The Ethics of Empathy","MISSING"
"nl","saadi-shirazi-wisdom","NO","Saadi Shirazi's Wisdom: Humanity as Limbs of One Body — The Ethics of Empathy","MISSING"
"pl","saadi-shirazi-wisdom","YES","Saadi Shirazi's Wisdom: Humanity as Limbs of One Body — The Ethics of Empathy","MISSING"
"th","saadi-shirazi-wisdom","NO","Saadi Shirazi's Wisdom: Humanity as Limbs of One Body — The Ethics of Empathy","MISSING"
"tr","saadi-shirazi-wisdom","NO","Saadi Shirazi's Wisdom: Humanity as Limbs of One Body — The Ethics of Empathy","MISSING"
"uk","saadi-shirazi-wisdom","YES","Saadi Shirazi's Wisdom: Humanity as Limbs of One Body — The Ethics of Empathy","MISSING"
"vi","saadi-shirazi-wisdom","NO","Saadi Shirazi's Wisdom: Humanity as Limbs of One Body — The Ethics of Empathy","MISSING"
"zh","saadi-shirazi-wisdom","NO","Saadi Shirazi's Wisdom: Humanity as Limbs of One Body — The Ethics of Empathy","MISSING"
"ar","mimar-sinan-wisdom","NO","The Architect Who Mastered Time: Mimar Sinan's 80-Year Journey to Perfection","MISSING"
"fa","mimar-sinan-wisdom","NO","The Architect Who Mastered Time: Mimar Sinan's 80-Year Journey to Perfection","MISSING"
"hi","mimar-sinan-wisdom","NO","The Architect Who Mastered Time: Mimar Sinan's 80-Year Journey to Perfection","MISSING"
"id","mimar-sinan-wisdom","YES","The Architect Who Mastered Time: Mimar Sinan's 80-Year Journey to Perfection","MISSING"
"nl","mimar-sinan-wisdom","NO","The Architect Who Mastered Time: Mimar Sinan's 80-Year Journey to Perfection","MISSING"
"pl","mimar-sinan-wisdom","YES","The Architect Who Mastered Time: Mimar Sinan's 80-Year Journey to Perfection","MISSING"
"th","mimar-sinan-wisdom","NO","The Architect Who Mastered Time: Mimar Sinan's 80-Year Journey to Perfection","MISSING"
"tr","mimar-sinan-wisdom","NO","The Architect Who Mastered Time: Mimar Sinan's 80-Year Journey to Perfection","MISSING"
"uk","mimar-sinan-wisdom","YES","The Architect Who Mastered Time: Mimar Sinan's 80-Year Journey to Perfection","MISSING"
"vi","mimar-sinan-wisdom","NO","The Architect Who Mastered Time: Mimar Sinan's 80-Year Journey to Perfection","MISSING"
"zh","mimar-sinan-wisdom","NO","The Architect Who Mastered Time: Mimar Sinan's 80-Year Journey to Perfection","MISSING"
"ar","hannibal-barca-wisdom","NO","The Man Who Forged a Path Through the Blizzard of the Alps","MISSING"
"fa","hannibal-barca-wisdom","NO","The Man Who Forged a Path Through the Blizzard of the Alps","MISSING"
"hi","hannibal-barca-wisdom","NO","The Man Who Forged a Path Through the Blizzard of the Alps","MISSING"
"id","hannibal-barca-wisdom","YES","The Man Who Forged a Path Through the Blizzard of the Alps","MISSING"
"nl","hannibal-barca-wisdom","NO","The Man Who Forged a Path Through the Blizzard of the Alps","MISSING"
"pl","hannibal-barca-wisdom","YES","The Man Who Forged a Path Through the Blizzard of the Alps","MISSING"
"th","hannibal-barca-wisdom","NO","The Man Who Forged a Path Through the Blizzard of the Alps","MISSING"
"tr","hannibal-barca-wisdom","NO","The Man Who Forged a Path Through the Blizzard of the Alps","MISSING"
"uk","hannibal-barca-wisdom","YES","The Man Who Forged a Path Through the Blizzard of the Alps","MISSING"
"vi","hannibal-barca-wisdom","NO","The Man Who Forged a Path Through the Blizzard of the Alps","MISSING"
"zh","hannibal-barca-wisdom","NO","The Man Who Forged a Path Through the Blizzard of the Alps","MISSING"
"ar","ramesses-ii-wisdom","NO","The Pharaoh Who Outlasted Time: What Ramesses II's 67-Year Reign Teaches Us About Endurance","MISSING"
"fa","ramesses-ii-wisdom","NO","The Pharaoh Who Outlasted Time: What Ramesses II's 67-Year Reign Teaches Us About Endurance","MISSING"
"hi","ramesses-ii-wisdom","NO","The Pharaoh Who Outlasted Time: What Ramesses II's 67-Year Reign Teaches Us About Endurance","MISSING"
"id","ramesses-ii-wisdom","YES","The Pharaoh Who Outlasted Time: What Ramesses II's 67-Year Reign Teaches Us About Endurance","MISSING"
"nl","ramesses-ii-wisdom","NO","The Pharaoh Who Outlasted Time: What Ramesses II's 67-Year Reign Teaches Us About Endurance","MISSING"
"pl","ramesses-ii-wisdom","YES","The Pharaoh Who Outlasted Time: What Ramesses II's 67-Year Reign Teaches Us About Endurance","MISSING"
"th","ramesses-ii-wisdom","NO","The Pharaoh Who Outlasted Time: What Ramesses II's 67-Year Reign Teaches Us About Endurance","MISSING"
"tr","ramesses-ii-wisdom","NO","The Pharaoh Who Outlasted Time: What Ramesses II's 67-Year Reign Teaches Us About Endurance","MISSING"
"uk","ramesses-ii-wisdom","YES","The Pharaoh Who Outlasted Time: What Ramesses II's 67-Year Reign Teaches Us About Endurance","MISSING"
"vi","ramesses-ii-wisdom","NO","The Pharaoh Who Outlasted Time: What Ramesses II's 67-Year Reign Teaches Us About Endurance","MISSING"
"zh","ramesses-ii-wisdom","NO","The Pharaoh Who Outlasted Time: What Ramesses II's 67-Year Reign Teaches Us About Endurance","MISSING"
"ar","hatshepsut-wisdom","NO","Hatshepsut: The Architect of Power and the Philosophy of Self-Justification","MISSING"
"fa","hatshepsut-wisdom","NO","Hatshepsut: The Architect of Power and the Philosophy of Self-Justification","MISSING"
"hi","hatshepsut-wisdom","NO","Hatshepsut: The Architect of Power and the Philosophy of Self-Justification","MISSING"
"id","hatshepsut-wisdom","YES","Hatshepsut: The Architect of Power and the Philosophy of Self-Justification","MISSING"
"nl","hatshepsut-wisdom","NO","Hatshepsut: The Architect of Power and the Philosophy of Self-Justification","MISSING"
"pl","hatshepsut-wisdom","YES","Hatshepsut: The Architect of Power and the Philosophy of Self-Justification","MISSING"
"th","hatshepsut-wisdom","NO","Hatshepsut: The Architect of Power and the Philosophy of Self-Justification","MISSING"
"tr","hatshepsut-wisdom","NO","Hatshepsut: The Architect of Power and the Philosophy of Self-Justification","MISSING"
"uk","hatshepsut-wisdom","YES","Hatshepsut: The Architect of Power and the Philosophy of Self-Justification","MISSING"
"vi","hatshepsut-wisdom","NO","Hatshepsut: The Architect of Power and the Philosophy of Self-Justification","MISSING"
"zh","hatshepsut-wisdom","NO","Hatshepsut: The Architect of Power and the Philosophy of Self-Justification","MISSING"
"ar","zenobia-wisdom","NO","Zenobia: The Desert Queen Who Defied an Empire and Redefined Leadership","MISSING"
"fa","zenobia-wisdom","NO","Zenobia: The Desert Queen Who Defied an Empire and Redefined Leadership","MISSING"
"hi","zenobia-wisdom","NO","Zenobia: The Desert Queen Who Defied an Empire and Redefined Leadership","MISSING"
"id","zenobia-wisdom","YES","Zenobia: The Desert Queen Who Defied an Empire and Redefined Leadership","MISSING"
"nl","zenobia-wisdom","NO","Zenobia: The Desert Queen Who Defied an Empire and Redefined Leadership","MISSING"
"pl","zenobia-wisdom","YES","Zenobia: The Desert Queen Who Defied an Empire and Redefined Leadership","MISSING"
"th","zenobia-wisdom","NO","Zenobia: The Desert Queen Who Defied an Empire and Redefined Leadership","MISSING"
"tr","zenobia-wisdom","NO","Zenobia: The Desert Queen Who Defied an Empire and Redefined Leadership","MISSING"
"uk","zenobia-wisdom","YES","Zenobia: The Desert Queen Who Defied an Empire and Redefined Leadership","MISSING"
"vi","zenobia-wisdom","NO","Zenobia: The Desert Queen Who Defied an Empire and Redefined Leadership","MISSING"
"zh","zenobia-wisdom","NO","Zenobia: The Desert Queen Who Defied an Empire and Redefined Leadership","MISSING"
"ar","cyrus-the-great-wisdom","NO","Conquering Nations, Preserving Souls: The Architecture of Tolerance","MISSING"
"el","cyrus-the-great-wisdom","YES","Conquering Nations, Preserving Souls: The Architecture of Tolerance","Conquering Nations, Preserving Souls: The Architecture of Tolerance"
"fa","cyrus-the-great-wisdom","NO","Conquering Nations, Preserving Souls: The Architecture of Tolerance","MISSING"
"hi","cyrus-the-great-wisdom","NO","Conquering Nations, Preserving Souls: The Architecture of Tolerance","MISSING"
"id","cyrus-the-great-wisdom","YES","Conquering Nations, Preserving Souls: The Architecture of Tolerance","MISSING"
"nl","cyrus-the-great-wisdom","NO","Conquering Nations, Preserving Souls: The Architecture of Tolerance","MISSING"
"pl","cyrus-the-great-wisdom","YES","Conquering Nations, Preserving Souls: The Architecture of Tolerance","MISSING"
"th","cyrus-the-great-wisdom","NO","Conquering Nations, Preserving Souls: The Architecture of Tolerance","MISSING"
"tr","cyrus-the-great-wisdom","NO","Conquering Nations, Preserving Souls: The Architecture of Tolerance","MISSING"
"uk","cyrus-the-great-wisdom","YES","Conquering Nations, Preserving Souls: The Architecture of Tolerance","MISSING"
"vi","cyrus-the-great-wisdom","NO","Conquering Nations, Preserving Souls: The Architecture of Tolerance","MISSING"
"zh","cyrus-the-great-wisdom","NO","Conquering Nations, Preserving Souls: The Architecture of Tolerance","MISSING"
"ar","maimonides-wisdom","NO","Doctor by Day, Philosopher by Night: Maimonides and the Art of Living Two Lives","MISSING"
"fa","maimonides-wisdom","NO","Doctor by Day, Philosopher by Night: Maimonides and the Art of Living Two Lives","MISSING"
"hi","maimonides-wisdom","NO","Doctor by Day, Philosopher by Night: Maimonides and the Art of Living Two Lives","MISSING"
"id","maimonides-wisdom","YES","Doctor by Day, Philosopher by Night: Maimonides and the Art of Living Two Lives","MISSING"
"nl","maimonides-wisdom","NO","Doctor by Day, Philosopher by Night: Maimonides and the Art of Living Two Lives","MISSING"
"pl","maimonides-wisdom","YES","Doctor by Day, Philosopher by Night: Maimonides and the Art of Living Two Lives","MISSING"
"th","maimonides-wisdom","NO","Doctor by Day, Philosopher by Night: Maimonides and the Art of Living Two Lives","MISSING"
"tr","maimonides-wisdom","NO","Doctor by Day, Philosopher by Night: Maimonides and the Art of Living Two Lives","MISSING"
"uk","maimonides-wisdom","YES","Doctor by Day, Philosopher by Night: Maimonides and the Art of Living Two Lives","MISSING"
"vi","maimonides-wisdom","NO","Doctor by Day, Philosopher by Night: Maimonides and the Art of Living Two Lives","MISSING"
"zh","maimonides-wisdom","NO","Doctor by Day, Philosopher by Night: Maimonides and the Art of Living Two Lives","MISSING"
"ar","suleiman-the-magnificent-wisdom","NO","Building an Empire with Law: The Governing Philosophy of Suleiman the Magnificent","MISSING"
"fa","suleiman-the-magnificent-wisdom","NO","Building an Empire with Law: The Governing Philosophy of Suleiman the Magnificent","MISSING"
"hi","suleiman-the-magnificent-wisdom","NO","Building an Empire with Law: The Governing Philosophy of Suleiman the Magnificent","MISSING"
"id","suleiman-the-magnificent-wisdom","YES","Building an Empire with Law: The Governing Philosophy of Suleiman the Magnificent","MISSING"
"nl","suleiman-the-magnificent-wisdom","NO","Building an Empire with Law: The Governing Philosophy of Suleiman the Magnificent","MISSING"
"pl","suleiman-the-magnificent-wisdom","YES","Building an Empire with Law: The Governing Philosophy of Suleiman the Magnificent","MISSING"
"th","suleiman-the-magnificent-wisdom","NO","Building an Empire with Law: The Governing Philosophy of Suleiman the Magnificent","MISSING"
"tr","suleiman-the-magnificent-wisdom","NO","Building an Empire with Law: The Governing Philosophy of Suleiman the Magnificent","MISSING"
"uk","suleiman-the-magnificent-wisdom","YES","Building an Empire with Law: The Governing Philosophy of Suleiman the Magnificent","MISSING"
"vi","suleiman-the-magnificent-wisdom","NO","Building an Empire with Law: The Governing Philosophy of Suleiman the Magnificent","MISSING"
"zh","suleiman-the-magnificent-wisdom","NO","Building an Empire with Law: The Governing Philosophy of Suleiman the Magnificent","MISSING"
"ar","saladin-wisdom","NO","A Victory Greater Than Conquest: The Magnanimity of Saladin","MISSING"
"fa","saladin-wisdom","NO","A Victory Greater Than Conquest: The Magnanimity of Saladin","MISSING"
"hi","saladin-wisdom","NO","A Victory Greater Than Conquest: The Magnanimity of Saladin","MISSING"
"id","saladin-wisdom","YES","A Victory Greater Than Conquest: The Magnanimity of Saladin","MISSING"
"nl","saladin-wisdom","NO","A Victory Greater Than Conquest: The Magnanimity of Saladin","MISSING"
"pl","saladin-wisdom","YES","A Victory Greater Than Conquest: The Magnanimity of Saladin","MISSING"
"th","saladin-wisdom","NO","A Victory Greater Than Conquest: The Magnanimity of Saladin","MISSING"
"tr","saladin-wisdom","NO","A Victory Greater Than Conquest: The Magnanimity of Saladin","MISSING"
"uk","saladin-wisdom","YES","A Victory Greater Than Conquest: The Magnanimity of Saladin","MISSING"
"vi","saladin-wisdom","NO","A Victory Greater Than Conquest: The Magnanimity of Saladin","MISSING"
"zh","saladin-wisdom","NO","A Victory Greater Than Conquest: The Magnanimity of Saladin","MISSING"
"ar","al-farabi-wisdom","NO","The Second Teacher: Establishing Order in the Chaos of Learning","MISSING"
"fa","al-farabi-wisdom","NO","The Second Teacher: Establishing Order in the Chaos of Learning","MISSING"
"hi","al-farabi-wisdom","NO","The Second Teacher: Establishing Order in the Chaos of Learning","MISSING"
"id","al-farabi-wisdom","YES","The Second Teacher: Establishing Order in the Chaos of Learning","MISSING"
"nl","al-farabi-wisdom","NO","The Second Teacher: Establishing Order in the Chaos of Learning","MISSING"
"pl","al-farabi-wisdom","YES","The Second Teacher: Establishing Order in the Chaos of Learning","MISSING"
"th","al-farabi-wisdom","NO","The Second Teacher: Establishing Order in the Chaos of Learning","MISSING"
"tr","al-farabi-wisdom","NO","The Second Teacher: Establishing Order in the Chaos of Learning","MISSING"
"uk","al-farabi-wisdom","YES","The Second Teacher: Establishing Order in the Chaos of Learning","MISSING"
"vi","al-farabi-wisdom","NO","The Second Teacher: Establishing Order in the Chaos of Learning","MISSING"
"zh","al-farabi-wisdom","NO","The Second Teacher: Establishing Order in the Chaos of Learning","MISSING"
"ar","al-khwarizmi-wisdom","NO","The Man Who Became the ""Algorithm"": Turning Chaos into Procedure","MISSING"
"fa","al-khwarizmi-wisdom","NO","The Man Who Became the ""Algorithm"": Turning Chaos into Procedure","MISSING"
"hi","al-khwarizmi-wisdom","NO","The Man Who Became the ""Algorithm"": Turning Chaos into Procedure","MISSING"
"id","al-khwarizmi-wisdom","YES","The Man Who Became the ""Algorithm"": Turning Chaos into Procedure","MISSING"
"nl","al-khwarizmi-wisdom","NO","The Man Who Became the ""Algorithm"": Turning Chaos into Procedure","MISSING"
"pl","al-khwarizmi-wisdom","YES","The Man Who Became the ""Algorithm"": Turning Chaos into Procedure","MISSING"
"th","al-khwarizmi-wisdom","NO","The Man Who Became the ""Algorithm"": Turning Chaos into Procedure","MISSING"
"tr","al-khwarizmi-wisdom","NO","The Man Who Became the ""Algorithm"": Turning Chaos into Procedure","MISSING"
"uk","al-khwarizmi-wisdom","YES","The Man Who Became the ""Algorithm"": Turning Chaos into Procedure","MISSING"
"vi","al-khwarizmi-wisdom","NO","The Man Who Became the ""Algorithm"": Turning Chaos into Procedure","MISSING"
"zh","al-khwarizmi-wisdom","NO","The Man Who Became the ""Algorithm"": Turning Chaos into Procedure","MISSING"
"ar","askia-the-great-wisdom","NO","Governing an Empire through the Light of Scholarship: The Leadership and Philosophy of Askia the Great","MISSING"
"fa","askia-the-great-wisdom","NO","Governing an Empire through the Light of Scholarship: The Leadership and Philosophy of Askia the Great","MISSING"
"hi","askia-the-great-wisdom","NO","Governing an Empire through the Light of Scholarship: The Leadership and Philosophy of Askia the Great","MISSING"
"nl","askia-the-great-wisdom","NO","Governing an Empire through the Light of Scholarship: The Leadership and Philosophy of Askia the Great","MISSING"
"th","askia-the-great-wisdom","NO","Governing an Empire through the Light of Scholarship: The Leadership and Philosophy of Askia the Great","MISSING"
"tr","askia-the-great-wisdom","NO","Governing an Empire through the Light of Scholarship: The Leadership and Philosophy of Askia the Great","MISSING"
"vi","askia-the-great-wisdom","NO","Governing an Empire through the Light of Scholarship: The Leadership and Philosophy of Askia the Great","MISSING"
"zh","askia-the-great-wisdom","NO","Governing an Empire through the Light of Scholarship: The Leadership and Philosophy of Askia the Great","MISSING"
"ar","queen-nzinga-wisdom","NO","The Sacred Tightrope of Forty Years: Queen Nzinga and the Supreme Art of Adaptive Resistance","MISSING"
"fa","queen-nzinga-wisdom","NO","The Sacred Tightrope of Forty Years: Queen Nzinga and the Supreme Art of Adaptive Resistance","MISSING"
"hi","queen-nzinga-wisdom","NO","The Sacred Tightrope of Forty Years: Queen Nzinga and the Supreme Art of Adaptive Resistance","MISSING"
"nl","queen-nzinga-wisdom","NO","The Sacred Tightrope of Forty Years: Queen Nzinga and the Supreme Art of Adaptive Resistance","MISSING"
"th","queen-nzinga-wisdom","NO","The Sacred Tightrope of Forty Years: Queen Nzinga and the Supreme Art of Adaptive Resistance","MISSING"
"tr","queen-nzinga-wisdom","NO","The Sacred Tightrope of Forty Years: Queen Nzinga and the Supreme Art of Adaptive Resistance","MISSING"
"vi","queen-nzinga-wisdom","NO","The Sacred Tightrope of Forty Years: Queen Nzinga and the Supreme Art of Adaptive Resistance","MISSING"
"zh","queen-nzinga-wisdom","NO","The Sacred Tightrope of Forty Years: Queen Nzinga and the Supreme Art of Adaptive Resistance","MISSING"
"ar","tran-hung-dao-wisdom","NO","Wisdom of Tran Hung Dao: The Defensive Strategy That Defied the Mongol Empire and Modern Leadership","MISSING"
"fa","tran-hung-dao-wisdom","NO","Wisdom of Tran Hung Dao: The Defensive Strategy That Defied the Mongol Empire and Modern Leadership","MISSING"
"hi","tran-hung-dao-wisdom","NO","Wisdom of Tran Hung Dao: The Defensive Strategy That Defied the Mongol Empire and Modern Leadership","MISSING"
"nl","tran-hung-dao-wisdom","NO","Wisdom of Tran Hung Dao: The Defensive Strategy That Defied the Mongol Empire and Modern Leadership","MISSING"
"th","tran-hung-dao-wisdom","NO","Wisdom of Tran Hung Dao: The Defensive Strategy That Defied the Mongol Empire and Modern Leadership","MISSING"
"tr","tran-hung-dao-wisdom","NO","Wisdom of Tran Hung Dao: The Defensive Strategy That Defied the Mongol Empire and Modern Leadership","MISSING"
"vi","tran-hung-dao-wisdom","NO","Wisdom of Tran Hung Dao: The Defensive Strategy That Defied the Mongol Empire and Modern Leadership","MISSING"
"zh","tran-hung-dao-wisdom","NO","Wisdom of Tran Hung Dao: The Defensive Strategy That Defied the Mongol Empire and Modern Leadership","MISSING"
"ar","chandragupta-maurya-wisdom","NO","From Bare Hands to an Empire: The Leadership and Aesthetics of Emptiness in Chandragupta Maurya","MISSING"
"fa","chandragupta-maurya-wisdom","NO","From Bare Hands to an Empire: The Leadership and Aesthetics of Emptiness in Chandragupta Maurya","MISSING"
"hi","chandragupta-maurya-wisdom","NO","From Bare Hands to an Empire: The Leadership and Aesthetics of Emptiness in Chandragupta Maurya","MISSING"
"nl","chandragupta-maurya-wisdom","NO","From Bare Hands to an Empire: The Leadership and Aesthetics of Emptiness in Chandragupta Maurya","MISSING"
"th","chandragupta-maurya-wisdom","NO","From Bare Hands to an Empire: The Leadership and Aesthetics of Emptiness in Chandragupta Maurya","MISSING"
"tr","chandragupta-maurya-wisdom","NO","From Bare Hands to an Empire: The Leadership and Aesthetics of Emptiness in Chandragupta Maurya","MISSING"
"vi","chandragupta-maurya-wisdom","NO","From Bare Hands to an Empire: The Leadership and Aesthetics of Emptiness in Chandragupta Maurya","MISSING"
"zh","chandragupta-maurya-wisdom","NO","From Bare Hands to an Empire: The Leadership and Aesthetics of Emptiness in Chandragupta Maurya","MISSING"
"ar","jayavarman-vii-wisdom","NO","The King Who Built Hospitals — A Different Definition of Rule","MISSING"
"fa","jayavarman-vii-wisdom","NO","The King Who Built Hospitals — A Different Definition of Rule","MISSING"
"hi","jayavarman-vii-wisdom","NO","The King Who Built Hospitals — A Different Definition of Rule","MISSING"
"nl","jayavarman-vii-wisdom","NO","The King Who Built Hospitals — A Different Definition of Rule","MISSING"
"th","jayavarman-vii-wisdom","NO","The King Who Built Hospitals — A Different Definition of Rule","MISSING"
"tr","jayavarman-vii-wisdom","NO","The King Who Built Hospitals — A Different Definition of Rule","MISSING"
"vi","jayavarman-vii-wisdom","NO","The King Who Built Hospitals — A Different Definition of Rule","MISSING"
"zh","jayavarman-vii-wisdom","NO","The King Who Built Hospitals — A Different Definition of Rule","MISSING"
"ar","akbar-the-great-wisdom","NO","The Emperor Who Forged an Empire by Embracing Difference: Akbar the Great","MISSING"
"fa","akbar-the-great-wisdom","NO","The Emperor Who Forged an Empire by Embracing Difference: Akbar the Great","MISSING"
"hi","akbar-the-great-wisdom","NO","The Emperor Who Forged an Empire by Embracing Difference: Akbar the Great","MISSING"
"nl","akbar-the-great-wisdom","NO","The Emperor Who Forged an Empire by Embracing Difference: Akbar the Great","MISSING"
"th","akbar-the-great-wisdom","NO","The Emperor Who Forged an Empire by Embracing Difference: Akbar the Great","MISSING"
"tr","akbar-the-great-wisdom","NO","The Emperor Who Forged an Empire by Embracing Difference: Akbar the Great","MISSING"
"vi","akbar-the-great-wisdom","NO","The Emperor Who Forged an Empire by Embracing Difference: Akbar the Great","MISSING"
"zh","akbar-the-great-wisdom","NO","The Emperor Who Forged an Empire by Embracing Difference: Akbar the Great","MISSING"
"ar","jose-rizal-wisdom","NO","Jose Rizal: The Revolution of the Pen and the Power of the Awakened Mind","MISSING"
"fa","jose-rizal-wisdom","NO","Jose Rizal: The Revolution of the Pen and the Power of the Awakened Mind","MISSING"
"hi","jose-rizal-wisdom","NO","Jose Rizal: The Revolution of the Pen and the Power of the Awakened Mind","MISSING"
"nl","jose-rizal-wisdom","NO","Jose Rizal: The Revolution of the Pen and the Power of the Awakened Mind","MISSING"
"th","jose-rizal-wisdom","NO","Jose Rizal: The Revolution of the Pen and the Power of the Awakened Mind","MISSING"
"tr","jose-rizal-wisdom","NO","Jose Rizal: The Revolution of the Pen and the Power of the Awakened Mind","MISSING"
"vi","jose-rizal-wisdom","NO","Jose Rizal: The Revolution of the Pen and the Power of the Awakened Mind","MISSING"
"zh","jose-rizal-wisdom","NO","Jose Rizal: The Revolution of the Pen and the Power of the Awakened Mind","MISSING"
"ar","swami-vivekananda-wisdom","NO","1893 Chicago, The Monk Who Captured the World: The Spiritual Wisdom of Swami Vivekananda","MISSING"
"fa","swami-vivekananda-wisdom","NO","1893 Chicago, The Monk Who Captured the World: The Spiritual Wisdom of Swami Vivekananda","MISSING"
"hi","swami-vivekananda-wisdom","NO","1893 Chicago, The Monk Who Captured the World: The Spiritual Wisdom of Swami Vivekananda","MISSING"
"nl","swami-vivekananda-wisdom","NO","1893 Chicago, The Monk Who Captured the World: The Spiritual Wisdom of Swami Vivekananda","MISSING"
"th","swami-vivekananda-wisdom","NO","1893 Chicago, The Monk Who Captured the World: The Spiritual Wisdom of Swami Vivekananda","MISSING"
"tr","swami-vivekananda-wisdom","NO","1893 Chicago, The Monk Who Captured the World: The Spiritual Wisdom of Swami Vivekananda","MISSING"
"vi","swami-vivekananda-wisdom","NO","1893 Chicago, The Monk Who Captured the World: The Spiritual Wisdom of Swami Vivekananda","MISSING"
"zh","swami-vivekananda-wisdom","NO","1893 Chicago, The Monk Who Captured the World: The Spiritual Wisdom of Swami Vivekananda","MISSING"
"ar","br-ambedkar-wisdom","NO","Education, Agitation, and Organization: How B.R. Ambedkar Redefined Human Dignity in the Face of Impossible Odds","MISSING"
"fa","br-ambedkar-wisdom","NO","Education, Agitation, and Organization: How B.R. Ambedkar Redefined Human Dignity in the Face of Impossible Odds","MISSING"
"hi","br-ambedkar-wisdom","NO","Education, Agitation, and Organization: How B.R. Ambedkar Redefined Human Dignity in the Face of Impossible Odds","MISSING"
"nl","br-ambedkar-wisdom","NO","Education, Agitation, and Organization: How B.R. Ambedkar Redefined Human Dignity in the Face of Impossible Odds","MISSING"
"th","br-ambedkar-wisdom","NO","Education, Agitation, and Organization: How B.R. Ambedkar Redefined Human Dignity in the Face of Impossible Odds","MISSING"
"tr","br-ambedkar-wisdom","NO","Education, Agitation, and Organization: How B.R. Ambedkar Redefined Human Dignity in the Face of Impossible Odds","MISSING"
"vi","br-ambedkar-wisdom","NO","Education, Agitation, and Organization: How B.R. Ambedkar Redefined Human Dignity in the Face of Impossible Odds","MISSING"
"zh","br-ambedkar-wisdom","NO","Education, Agitation, and Organization: How B.R. Ambedkar Redefined Human Dignity in the Face of Impossible Odds","MISSING"
"ar","srinivasa-ramanujan-wisdom","NO","Srinivasa Ramanujan: The Truth Beyond Proof and the Genius of Intuition","MISSING"
"fa","srinivasa-ramanujan-wisdom","NO","Srinivasa Ramanujan: The Truth Beyond Proof and the Genius of Intuition","MISSING"
"hi","srinivasa-ramanujan-wisdom","NO","Srinivasa Ramanujan: The Truth Beyond Proof and the Genius of Intuition","MISSING"
"nl","srinivasa-ramanujan-wisdom","NO","Srinivasa Ramanujan: The Truth Beyond Proof and the Genius of Intuition","MISSING"
"th","srinivasa-ramanujan-wisdom","NO","Srinivasa Ramanujan: The Truth Beyond Proof and the Genius of Intuition","MISSING"
"tr","srinivasa-ramanujan-wisdom","NO","Srinivasa Ramanujan: The Truth Beyond Proof and the Genius of Intuition","MISSING"
"vi","srinivasa-ramanujan-wisdom","NO","Srinivasa Ramanujan: The Truth Beyond Proof and the Genius of Intuition","MISSING"
"zh","srinivasa-ramanujan-wisdom","NO","Srinivasa Ramanujan: The Truth Beyond Proof and the Genius of Intuition","MISSING"
"ar","alexander-the-great-wisdom","NO","Alexander the Great: The Boundless Ambition of Conquest and the Shadow of Inevitable Emptiness","MISSING"
"de","alexander-the-great-wisdom","YES","Alexander the Great: The Boundless Ambition of Conquest and the Shadow of Inevitable Emptiness","MISSING"
"fa","alexander-the-great-wisdom","NO","Alexander the Great: The Boundless Ambition of Conquest and the Shadow of Inevitable Emptiness","MISSING"
"hi","alexander-the-great-wisdom","NO","Alexander the Great: The Boundless Ambition of Conquest and the Shadow of Inevitable Emptiness","MISSING"
"nl","alexander-the-great-wisdom","NO","Alexander the Great: The Boundless Ambition of Conquest and the Shadow of Inevitable Emptiness","MISSING"
"th","alexander-the-great-wisdom","NO","Alexander the Great: The Boundless Ambition of Conquest and the Shadow of Inevitable Emptiness","MISSING"
"tr","alexander-the-great-wisdom","NO","Alexander the Great: The Boundless Ambition of Conquest and the Shadow of Inevitable Emptiness","MISSING"
"vi","alexander-the-great-wisdom","NO","Alexander the Great: The Boundless Ambition of Conquest and the Shadow of Inevitable Emptiness","MISSING"
"zh","alexander-the-great-wisdom","NO","Alexander the Great: The Boundless Ambition of Conquest and the Shadow of Inevitable Emptiness","MISSING"
"ar","cicero-wisdom","NO","The Agony of a Rhetorician Trying to Save the Republic in Crisis","MISSING"
"de","cicero-wisdom","YES","The Agony of a Rhetorician Trying to Save the Republic in Crisis","MISSING"
"fa","cicero-wisdom","NO","The Agony of a Rhetorician Trying to Save the Republic in Crisis","MISSING"
"hi","cicero-wisdom","NO","The Agony of a Rhetorician Trying to Save the Republic in Crisis","MISSING"
"nl","cicero-wisdom","NO","The Agony of a Rhetorician Trying to Save the Republic in Crisis","MISSING"
"th","cicero-wisdom","NO","The Agony of a Rhetorician Trying to Save the Republic in Crisis","MISSING"
"tr","cicero-wisdom","NO","The Agony of a Rhetorician Trying to Save the Republic in Crisis","MISSING"
"vi","cicero-wisdom","NO","The Agony of a Rhetorician Trying to Save the Republic in Crisis","MISSING"
"zh","cicero-wisdom","NO","The Agony of a Rhetorician Trying to Save the Republic in Crisis","MISSING"
"ar","beethoven-wisdom","NO","The Immortal Symphony Drawn from the Harsh Depths of Silence","MISSING"
"de","beethoven-wisdom","YES","The Immortal Symphony Drawn from the Harsh Depths of Silence","MISSING"
"fa","beethoven-wisdom","NO","The Immortal Symphony Drawn from the Harsh Depths of Silence","MISSING"
"hi","beethoven-wisdom","NO","The Immortal Symphony Drawn from the Harsh Depths of Silence","MISSING"
"nl","beethoven-wisdom","NO","The Immortal Symphony Drawn from the Harsh Depths of Silence","MISSING"
"th","beethoven-wisdom","NO","The Immortal Symphony Drawn from the Harsh Depths of Silence","MISSING"
"tr","beethoven-wisdom","NO","The Immortal Symphony Drawn from the Harsh Depths of Silence","MISSING"
"vi","beethoven-wisdom","NO","The Immortal Symphony Drawn from the Harsh Depths of Silence","MISSING"
"zh","beethoven-wisdom","NO","The Immortal Symphony Drawn from the Harsh Depths of Silence","MISSING"
"ar","franklin-d-roosevelt-wisdom","NO","Piercing the Veil of Fear: Franklin D. Roosevelt's Leadership Through the Abyss","MISSING"
"de","franklin-d-roosevelt-wisdom","YES","Piercing the Veil of Fear: Franklin D. Roosevelt's Leadership Through the Abyss","MISSING"
"fa","franklin-d-roosevelt-wisdom","NO","Piercing the Veil of Fear: Franklin D. Roosevelt's Leadership Through the Abyss","MISSING"
"hi","franklin-d-roosevelt-wisdom","NO","Piercing the Veil of Fear: Franklin D. Roosevelt's Leadership Through the Abyss","MISSING"
"nl","franklin-d-roosevelt-wisdom","NO","Piercing the Veil of Fear: Franklin D. Roosevelt's Leadership Through the Abyss","MISSING"
"th","franklin-d-roosevelt-wisdom","NO","Piercing the Veil of Fear: Franklin D. Roosevelt's Leadership Through the Abyss","MISSING"
"tr","franklin-d-roosevelt-wisdom","NO","Piercing the Veil of Fear: Franklin D. Roosevelt's Leadership Through the Abyss","MISSING"
"vi","franklin-d-roosevelt-wisdom","NO","Piercing the Veil of Fear: Franklin D. Roosevelt's Leadership Through the Abyss","MISSING"
"zh","franklin-d-roosevelt-wisdom","NO","Piercing the Veil of Fear: Franklin D. Roosevelt's Leadership Through the Abyss","MISSING"
"ar","william-shakespeare-wisdom","NO","The Alchemist of Language Who Gazed into the Abyss of Human Nature","MISSING"
"de","william-shakespeare-wisdom","YES","The Alchemist of Language Who Gazed into the Abyss of Human Nature","MISSING"
"fa","william-shakespeare-wisdom","NO","The Alchemist of Language Who Gazed into the Abyss of Human Nature","MISSING"
"hi","william-shakespeare-wisdom","NO","The Alchemist of Language Who Gazed into the Abyss of Human Nature","MISSING"
"nl","william-shakespeare-wisdom","NO","The Alchemist of Language Who Gazed into the Abyss of Human Nature","MISSING"
"th","william-shakespeare-wisdom","NO","The Alchemist of Language Who Gazed into the Abyss of Human Nature","MISSING"
"tr","william-shakespeare-wisdom","NO","The Alchemist of Language Who Gazed into the Abyss of Human Nature","MISSING"
"vi","william-shakespeare-wisdom","NO","The Alchemist of Language Who Gazed into the Abyss of Human Nature","MISSING"
"zh","william-shakespeare-wisdom","NO","The Alchemist of Language Who Gazed into the Abyss of Human Nature","MISSING"
"ar","vincent-van-gogh-wisdom","NO","Vincent van Gogh: A Brilliant Artistic Soul Blossoming Amidst Madness and Solitude","MISSING"
"de","vincent-van-gogh-wisdom","YES","Vincent van Gogh: A Brilliant Artistic Soul Blossoming Amidst Madness and Solitude","MISSING"
"fa","vincent-van-gogh-wisdom","NO","Vincent van Gogh: A Brilliant Artistic Soul Blossoming Amidst Madness and Solitude","MISSING"
"hi","vincent-van-gogh-wisdom","NO","Vincent van Gogh: A Brilliant Artistic Soul Blossoming Amidst Madness and Solitude","MISSING"
"nl","vincent-van-gogh-wisdom","NO","Vincent van Gogh: A Brilliant Artistic Soul Blossoming Amidst Madness and Solitude","MISSING"
"th","vincent-van-gogh-wisdom","NO","Vincent van Gogh: A Brilliant Artistic Soul Blossoming Amidst Madness and Solitude","MISSING"
"tr","vincent-van-gogh-wisdom","NO","Vincent van Gogh: A Brilliant Artistic Soul Blossoming Amidst Madness and Solitude","MISSING"
"vi","vincent-van-gogh-wisdom","NO","Vincent van Gogh: A Brilliant Artistic Soul Blossoming Amidst Madness and Solitude","MISSING"
"zh","vincent-van-gogh-wisdom","NO","Vincent van Gogh: A Brilliant Artistic Soul Blossoming Amidst Madness and Solitude","MISSING"
"ar","george-washington-wisdom","NO","George Washington's Leadership: Gaining Eternal Authority by Laying Down Power","MISSING"
"de","george-washington-wisdom","YES","George Washington's Leadership: Gaining Eternal Authority by Laying Down Power","MISSING"
"fa","george-washington-wisdom","NO","George Washington's Leadership: Gaining Eternal Authority by Laying Down Power","MISSING"
"hi","george-washington-wisdom","NO","George Washington's Leadership: Gaining Eternal Authority by Laying Down Power","MISSING"
"nl","george-washington-wisdom","NO","George Washington's Leadership: Gaining Eternal Authority by Laying Down Power","MISSING"
"th","george-washington-wisdom","NO","George Washington's Leadership: Gaining Eternal Authority by Laying Down Power","MISSING"
"tr","george-washington-wisdom","NO","George Washington's Leadership: Gaining Eternal Authority by Laying Down Power","MISSING"
"vi","george-washington-wisdom","NO","George Washington's Leadership: Gaining Eternal Authority by Laying Down Power","MISSING"
"zh","george-washington-wisdom","NO","George Washington's Leadership: Gaining Eternal Authority by Laying Down Power","MISSING"
"ar","yi-sun-shin-wisdom","NO","The Solitude of a Holy Hero: How Admiral Yi Sun-shin Forged Miracles in a Sea of Despair","MISSING"
"de","yi-sun-shin-wisdom","YES","The Solitude of a Holy Hero: How Admiral Yi Sun-shin Forged Miracles in a Sea of Despair","MISSING"
"fa","yi-sun-shin-wisdom","NO","The Solitude of a Holy Hero: How Admiral Yi Sun-shin Forged Miracles in a Sea of Despair","MISSING"
"hi","yi-sun-shin-wisdom","NO","The Solitude of a Holy Hero: How Admiral Yi Sun-shin Forged Miracles in a Sea of Despair","MISSING"
"nl","yi-sun-shin-wisdom","NO","The Solitude of a Holy Hero: How Admiral Yi Sun-shin Forged Miracles in a Sea of Despair","MISSING"
"th","yi-sun-shin-wisdom","NO","The Solitude of a Holy Hero: How Admiral Yi Sun-shin Forged Miracles in a Sea of Despair","MISSING"
"tr","yi-sun-shin-wisdom","NO","The Solitude of a Holy Hero: How Admiral Yi Sun-shin Forged Miracles in a Sea of Despair","MISSING"
"vi","yi-sun-shin-wisdom","NO","The Solitude of a Holy Hero: How Admiral Yi Sun-shin Forged Miracles in a Sea of Despair","MISSING"
"zh","yi-sun-shin-wisdom","NO","The Solitude of a Holy Hero: How Admiral Yi Sun-shin Forged Miracles in a Sea of Despair","MISSING"
"ar","gwanggaeto-the-great-wisdom","NO","Embracing the Boundless Expanse with Unstoppable Spirit: The Essence of Gwanggaeto the Great’s Progressive Leadership","MISSING"
"de","gwanggaeto-the-great-wisdom","YES","Embracing the Boundless Expanse with Unstoppable Spirit: The Essence of Gwanggaeto the Great’s Progressive Leadership","MISSING"
"fa","gwanggaeto-the-great-wisdom","NO","Embracing the Boundless Expanse with Unstoppable Spirit: The Essence of Gwanggaeto the Great’s Progressive Leadership","MISSING"
"hi","gwanggaeto-the-great-wisdom","NO","Embracing the Boundless Expanse with Unstoppable Spirit: The Essence of Gwanggaeto the Great’s Progressive Leadership","MISSING"
"nl","gwanggaeto-the-great-wisdom","NO","Embracing the Boundless Expanse with Unstoppable Spirit: The Essence of Gwanggaeto the Great’s Progressive Leadership","MISSING"
"th","gwanggaeto-the-great-wisdom","NO","Embracing the Boundless Expanse with Unstoppable Spirit: The Essence of Gwanggaeto the Great’s Progressive Leadership","MISSING"
"tr","gwanggaeto-the-great-wisdom","NO","Embracing the Boundless Expanse with Unstoppable Spirit: The Essence of Gwanggaeto the Great’s Progressive Leadership","MISSING"
"vi","gwanggaeto-the-great-wisdom","NO","Embracing the Boundless Expanse with Unstoppable Spirit: The Essence of Gwanggaeto the Great’s Progressive Leadership","MISSING"
"zh","gwanggaeto-the-great-wisdom","NO","Embracing the Boundless Expanse with Unstoppable Spirit: The Essence of Gwanggaeto the Great’s Progressive Leadership","MISSING"
"ar","qin-shi-huang-wisdom","NO","Qin Shi Huang: The Grand Design of Unification and the Tragic Obsession with Immortality","MISSING"
"de","qin-shi-huang-wisdom","YES","Qin Shi Huang: The Grand Design of Unification and the Tragic Obsession with Immortality","MISSING"
"fa","qin-shi-huang-wisdom","NO","Qin Shi Huang: The Grand Design of Unification and the Tragic Obsession with Immortality","MISSING"
"hi","qin-shi-huang-wisdom","NO","Qin Shi Huang: The Grand Design of Unification and the Tragic Obsession with Immortality","MISSING"
"nl","qin-shi-huang-wisdom","NO","Qin Shi Huang: The Grand Design of Unification and the Tragic Obsession with Immortality","MISSING"
"th","qin-shi-huang-wisdom","NO","Qin Shi Huang: The Grand Design of Unification and the Tragic Obsession with Immortality","MISSING"
"tr","qin-shi-huang-wisdom","NO","Qin Shi Huang: The Grand Design of Unification and the Tragic Obsession with Immortality","MISSING"
"vi","qin-shi-huang-wisdom","NO","Qin Shi Huang: The Grand Design of Unification and the Tragic Obsession with Immortality","MISSING"
"zh","qin-shi-huang-wisdom","NO","Qin Shi Huang: The Grand Design of Unification and the Tragic Obsession with Immortality","MISSING"
"ar","augustus-wisdom","NO","Augustus: The Cold Charisma that Designed an Empire and the Hidden Depths of Peace","MISSING"
"fa","augustus-wisdom","NO","Augustus: The Cold Charisma that Designed an Empire and the Hidden Depths of Peace","MISSING"
"he","augustus-wisdom","YES","Augustus: The Cold Charisma that Designed an Empire and the Hidden Depths of Peace","Augustus: The Cold Charisma that Designed an Empire and the Hidden Depths of Peace"
"hi","augustus-wisdom","NO","Augustus: The Cold Charisma that Designed an Empire and the Hidden Depths of Peace","MISSING"
"nl","augustus-wisdom","NO","Augustus: The Cold Charisma that Designed an Empire and the Hidden Depths of Peace","MISSING"
"th","augustus-wisdom","NO","Augustus: The Cold Charisma that Designed an Empire and the Hidden Depths of Peace","MISSING"
"tr","augustus-wisdom","NO","Augustus: The Cold Charisma that Designed an Empire and the Hidden Depths of Peace","MISSING"
"vi","augustus-wisdom","NO","Augustus: The Cold Charisma that Designed an Empire and the Hidden Depths of Peace","MISSING"
"zh","augustus-wisdom","NO","Augustus: The Cold Charisma that Designed an Empire and the Hidden Depths of Peace","MISSING"
"ar","otto-von-bismarck-wisdom","NO","The Crucible of Iron and Blood: Realpolitik and the Solitude of Power","MISSING"
"fa","otto-von-bismarck-wisdom","NO","The Crucible of Iron and Blood: Realpolitik and the Solitude of Power","MISSING"
"he","otto-von-bismarck-wisdom","YES","The Crucible of Iron and Blood: Realpolitik and the Solitude of Power","The Crucible of Iron and Blood: Realpolitik and the Solitude of Power"
"hi","otto-von-bismarck-wisdom","NO","The Crucible of Iron and Blood: Realpolitik and the Solitude of Power","MISSING"
"nl","otto-von-bismarck-wisdom","NO","The Crucible of Iron and Blood: Realpolitik and the Solitude of Power","MISSING"
"th","otto-von-bismarck-wisdom","NO","The Crucible of Iron and Blood: Realpolitik and the Solitude of Power","MISSING"
"tr","otto-von-bismarck-wisdom","NO","The Crucible of Iron and Blood: Realpolitik and the Solitude of Power","MISSING"
"vi","otto-von-bismarck-wisdom","NO","The Crucible of Iron and Blood: Realpolitik and the Solitude of Power","MISSING"
"zh","otto-von-bismarck-wisdom","NO","The Crucible of Iron and Blood: Realpolitik and the Solitude of Power","MISSING"
"ar","peter-the-great-wisdom","NO","Peter the Great: From Barbarism to Modernity—The Tsar's Maddening Revolution","MISSING"
"fa","peter-the-great-wisdom","NO","Peter the Great: From Barbarism to Modernity—The Tsar's Maddening Revolution","MISSING"
"he","peter-the-great-wisdom","YES","Peter the Great: From Barbarism to Modernity—The Tsar's Maddening Revolution","Peter the Great: From Barbarism to Modernity—The Tsar's Maddening Revolution"
"hi","peter-the-great-wisdom","NO","Peter the Great: From Barbarism to Modernity—The Tsar's Maddening Revolution","MISSING"
"ja","peter-the-great-wisdom","YES","Peter the Great: From Barbarism to Modernity—The Tsar's Maddening Revolution","Peter the Great: From Barbarism to Modernity—The Tsar's Maddening Revolution"
"nl","peter-the-great-wisdom","NO","Peter the Great: From Barbarism to Modernity—The Tsar's Maddening Revolution","MISSING"
"pl","peter-the-great-wisdom","YES","Peter the Great: From Barbarism to Modernity—The Tsar's Maddening Revolution","Peter the Great: From Barbarism to Modernity—The Tsar's Maddening Revolution"
"th","peter-the-great-wisdom","NO","Peter the Great: From Barbarism to Modernity—The Tsar's Maddening Revolution","MISSING"
"tr","peter-the-great-wisdom","NO","Peter the Great: From Barbarism to Modernity—The Tsar's Maddening Revolution","MISSING"
"vi","peter-the-great-wisdom","NO","Peter the Great: From Barbarism to Modernity—The Tsar's Maddening Revolution","MISSING"
"zh","peter-the-great-wisdom","NO","Peter the Great: From Barbarism to Modernity—The Tsar's Maddening Revolution","MISSING"
"ar","catherine-the-great-wisdom","NO","The Light of Enlightenment and the Darkness of the Empire: The Solitary Power of Catherine the Great","MISSING"
"fa","catherine-the-great-wisdom","NO","The Light of Enlightenment and the Darkness of the Empire: The Solitary Power of Catherine the Great","MISSING"
"he","catherine-the-great-wisdom","YES","The Light of Enlightenment and the Darkness of the Empire: The Solitary Power of Catherine the Great","The Light of Enlightenment and the Darkness of the Empire: The Solitary Power of Catherine the Great"
"hi","catherine-the-great-wisdom","NO","The Light of Enlightenment and the Darkness of the Empire: The Solitary Power of Catherine the Great","MISSING"
"ja","catherine-the-great-wisdom","YES","The Light of Enlightenment and the Darkness of the Empire: The Solitary Power of Catherine the Great","The Light of Enlightenment and the Darkness of the Empire: The Solitary Power of Catherine the Great"
"nl","catherine-the-great-wisdom","NO","The Light of Enlightenment and the Darkness of the Empire: The Solitary Power of Catherine the Great","MISSING"
"pl","catherine-the-great-wisdom","YES","The Light of Enlightenment and the Darkness of the Empire: The Solitary Power of Catherine the Great","The Light of Enlightenment and the Darkness of the Empire: The Solitary Power of Catherine the Great"
"th","catherine-the-great-wisdom","NO","The Light of Enlightenment and the Darkness of the Empire: The Solitary Power of Catherine the Great","MISSING"
"tr","catherine-the-great-wisdom","NO","The Light of Enlightenment and the Darkness of the Empire: The Solitary Power of Catherine the Great","MISSING"
"vi","catherine-the-great-wisdom","NO","The Light of Enlightenment and the Darkness of the Empire: The Solitary Power of Catherine the Great","MISSING"
"zh","catherine-the-great-wisdom","NO","The Light of Enlightenment and the Darkness of the Empire: The Solitary Power of Catherine the Great","MISSING"
"ar","ataturk-wisdom","NO","The Iron Will That Built a Republic from the Ashes: Mustafa Kemal Atatürk's Leadership","MISSING"
"fa","ataturk-wisdom","NO","The Iron Will That Built a Republic from the Ashes: Mustafa Kemal Atatürk's Leadership","MISSING"
"he","ataturk-wisdom","YES","The Iron Will That Built a Republic from the Ashes: Mustafa Kemal Atatürk's Leadership","The Iron Will That Built a Republic from the Ashes: Mustafa Kemal Atatürk's Leadership"
"hi","ataturk-wisdom","NO","The Iron Will That Built a Republic from the Ashes: Mustafa Kemal Atatürk's Leadership","MISSING"
"ja","ataturk-wisdom","YES","The Iron Will That Built a Republic from the Ashes: Mustafa Kemal Atatürk's Leadership","The Iron Will That Built a Republic from the Ashes: Mustafa Kemal Atatürk's Leadership"
"nl","ataturk-wisdom","NO","The Iron Will That Built a Republic from the Ashes: Mustafa Kemal Atatürk's Leadership","MISSING"
"pl","ataturk-wisdom","YES","The Iron Will That Built a Republic from the Ashes: Mustafa Kemal Atatürk's Leadership","The Iron Will That Built a Republic from the Ashes: Mustafa Kemal Atatürk's Leadership"
"th","ataturk-wisdom","NO","The Iron Will That Built a Republic from the Ashes: Mustafa Kemal Atatürk's Leadership","MISSING"
"tr","ataturk-wisdom","NO","The Iron Will That Built a Republic from the Ashes: Mustafa Kemal Atatürk's Leadership","MISSING"
"vi","ataturk-wisdom","NO","The Iron Will That Built a Republic from the Ashes: Mustafa Kemal Atatürk's Leadership","MISSING"
"zh","ataturk-wisdom","NO","The Iron Will That Built a Republic from the Ashes: Mustafa Kemal Atatürk's Leadership","MISSING"
"ar","theodore-roosevelt-wisdom","NO","The Anthem of the Arena: Theodore Roosevelt and the Philosophy of Fearless Grit","MISSING"
"fa","theodore-roosevelt-wisdom","NO","The Anthem of the Arena: Theodore Roosevelt and the Philosophy of Fearless Grit","MISSING"
"he","theodore-roosevelt-wisdom","YES","The Anthem of the Arena: Theodore Roosevelt and the Philosophy of Fearless Grit","The Anthem of the Arena: Theodore Roosevelt and the Philosophy of Fearless Grit"
"hi","theodore-roosevelt-wisdom","NO","The Anthem of the Arena: Theodore Roosevelt and the Philosophy of Fearless Grit","MISSING"
"ja","theodore-roosevelt-wisdom","YES","The Anthem of the Arena: Theodore Roosevelt and the Philosophy of Fearless Grit","The Anthem of the Arena: Theodore Roosevelt and the Philosophy of Fearless Grit"
"nl","theodore-roosevelt-wisdom","NO","The Anthem of the Arena: Theodore Roosevelt and the Philosophy of Fearless Grit","MISSING"
"pl","theodore-roosevelt-wisdom","YES","The Anthem of the Arena: Theodore Roosevelt and the Philosophy of Fearless Grit","The Anthem of the Arena: Theodore Roosevelt and the Philosophy of Fearless Grit"
"th","theodore-roosevelt-wisdom","NO","The Anthem of the Arena: Theodore Roosevelt and the Philosophy of Fearless Grit","MISSING"
"tr","theodore-roosevelt-wisdom","NO","The Anthem of the Arena: Theodore Roosevelt and the Philosophy of Fearless Grit","MISSING"
"vi","theodore-roosevelt-wisdom","NO","The Anthem of the Arena: Theodore Roosevelt and the Philosophy of Fearless Grit","MISSING"
"zh","theodore-roosevelt-wisdom","NO","The Anthem of the Arena: Theodore Roosevelt and the Philosophy of Fearless Grit","MISSING"
"ar","anne-frank-wisdom","NO","The Indestructible Light of Humanity: Anne Frank's Enduring Legacy in the Heart of Darkness","MISSING"
"fa","anne-frank-wisdom","NO","The Indestructible Light of Humanity: Anne Frank's Enduring Legacy in the Heart of Darkness","MISSING"
"he","anne-frank-wisdom","YES","The Indestructible Light of Humanity: Anne Frank's Enduring Legacy in the Heart of Darkness","The Indestructible Light of Humanity: Anne Frank's Enduring Legacy in the Heart of Darkness"
"hi","anne-frank-wisdom","NO","The Indestructible Light of Humanity: Anne Frank's Enduring Legacy in the Heart of Darkness","MISSING"
"ja","anne-frank-wisdom","YES","The Indestructible Light of Humanity: Anne Frank's Enduring Legacy in the Heart of Darkness","The Indestructible Light of Humanity: Anne Frank's Enduring Legacy in the Heart of Darkness"
"nl","anne-frank-wisdom","NO","The Indestructible Light of Humanity: Anne Frank's Enduring Legacy in the Heart of Darkness","MISSING"
"pl","anne-frank-wisdom","YES","The Indestructible Light of Humanity: Anne Frank's Enduring Legacy in the Heart of Darkness","The Indestructible Light of Humanity: Anne Frank's Enduring Legacy in the Heart of Darkness"
"th","anne-frank-wisdom","NO","The Indestructible Light of Humanity: Anne Frank's Enduring Legacy in the Heart of Darkness","MISSING"
"tr","anne-frank-wisdom","NO","The Indestructible Light of Humanity: Anne Frank's Enduring Legacy in the Heart of Darkness","MISSING"
"vi","anne-frank-wisdom","NO","The Indestructible Light of Humanity: Anne Frank's Enduring Legacy in the Heart of Darkness","MISSING"
"zh","anne-frank-wisdom","NO","The Indestructible Light of Humanity: Anne Frank's Enduring Legacy in the Heart of Darkness","MISSING"
"ar","rosa-parks-wisdom","NO","A Quiet Refusal That Sparked a Massive Wave: The Philosophy of Rosa Parks","MISSING"
"fa","rosa-parks-wisdom","NO","A Quiet Refusal That Sparked a Massive Wave: The Philosophy of Rosa Parks","MISSING"
"he","rosa-parks-wisdom","YES","A Quiet Refusal That Sparked a Massive Wave: The Philosophy of Rosa Parks","A Quiet Refusal That Sparked a Massive Wave: The Philosophy of Rosa Parks"
"hi","rosa-parks-wisdom","NO","A Quiet Refusal That Sparked a Massive Wave: The Philosophy of Rosa Parks","MISSING"
"ja","rosa-parks-wisdom","YES","A Quiet Refusal That Sparked a Massive Wave: The Philosophy of Rosa Parks","A Quiet Refusal That Sparked a Massive Wave: The Philosophy of Rosa Parks"
"nl","rosa-parks-wisdom","NO","A Quiet Refusal That Sparked a Massive Wave: The Philosophy of Rosa Parks","MISSING"
"pl","rosa-parks-wisdom","YES","A Quiet Refusal That Sparked a Massive Wave: The Philosophy of Rosa Parks","A Quiet Refusal That Sparked a Massive Wave: The Philosophy of Rosa Parks"
"th","rosa-parks-wisdom","NO","A Quiet Refusal That Sparked a Massive Wave: The Philosophy of Rosa Parks","MISSING"
"tr","rosa-parks-wisdom","NO","A Quiet Refusal That Sparked a Massive Wave: The Philosophy of Rosa Parks","MISSING"
"vi","rosa-parks-wisdom","NO","A Quiet Refusal That Sparked a Massive Wave: The Philosophy of Rosa Parks","MISSING"
"zh","rosa-parks-wisdom","NO","A Quiet Refusal That Sparked a Massive Wave: The Philosophy of Rosa Parks","MISSING"
"ar","frederick-douglass-wisdom","NO","The Weapon of Words and the Eternal Thirst for True Freedom: The Enduring Legacy of Frederick Douglass","MISSING"
"fa","frederick-douglass-wisdom","NO","The Weapon of Words and the Eternal Thirst for True Freedom: The Enduring Legacy of Frederick Douglass","MISSING"
"he","frederick-douglass-wisdom","YES","The Weapon of Words and the Eternal Thirst for True Freedom: The Enduring Legacy of Frederick Douglass","The Weapon of Words and the Eternal Thirst for True Freedom: The Enduring Legacy of Frederick Douglass"
"hi","frederick-douglass-wisdom","NO","The Weapon of Words and the Eternal Thirst for True Freedom: The Enduring Legacy of Frederick Douglass","MISSING"
"ja","frederick-douglass-wisdom","YES","The Weapon of Words and the Eternal Thirst for True Freedom: The Enduring Legacy of Frederick Douglass","The Weapon of Words and the Eternal Thirst for True Freedom: The Enduring Legacy of Frederick Douglass"
"nl","frederick-douglass-wisdom","NO","The Weapon of Words and the Eternal Thirst for True Freedom: The Enduring Legacy of Frederick Douglass","MISSING"
"pl","frederick-douglass-wisdom","YES","The Weapon of Words and the Eternal Thirst for True Freedom: The Enduring Legacy of Frederick Douglass","The Weapon of Words and the Eternal Thirst for True Freedom: The Enduring Legacy of Frederick Douglass"
"th","frederick-douglass-wisdom","NO","The Weapon of Words and the Eternal Thirst for True Freedom: The Enduring Legacy of Frederick Douglass","MISSING"
"tr","frederick-douglass-wisdom","NO","The Weapon of Words and the Eternal Thirst for True Freedom: The Enduring Legacy of Frederick Douglass","MISSING"
"vi","frederick-douglass-wisdom","NO","The Weapon of Words and the Eternal Thirst for True Freedom: The Enduring Legacy of Frederick Douglass","MISSING"
"zh","frederick-douglass-wisdom","NO","The Weapon of Words and the Eternal Thirst for True Freedom: The Enduring Legacy of Frederick Douglass","MISSING"
"ar","harriet-tubman-wisdom","NO","The North Star of Hope Drawn from the Valley of Death: Harriet Tubman's Philosophy of Liberation","MISSING"
"fa","harriet-tubman-wisdom","NO","The North Star of Hope Drawn from the Valley of Death: Harriet Tubman's Philosophy of Liberation","MISSING"
"he","harriet-tubman-wisdom","YES","The North Star of Hope Drawn from the Valley of Death: Harriet Tubman's Philosophy of Liberation","The North Star of Hope Drawn from the Valley of Death: Harriet Tubman's Philosophy of Liberation"
"hi","harriet-tubman-wisdom","NO","The North Star of Hope Drawn from the Valley of Death: Harriet Tubman's Philosophy of Liberation","MISSING"
"ja","harriet-tubman-wisdom","YES","The North Star of Hope Drawn from the Valley of Death: Harriet Tubman's Philosophy of Liberation","The North Star of Hope Drawn from the Valley of Death: Harriet Tubman's Philosophy of Liberation"
"nl","harriet-tubman-wisdom","NO","The North Star of Hope Drawn from the Valley of Death: Harriet Tubman's Philosophy of Liberation","MISSING"
"pl","harriet-tubman-wisdom","YES","The North Star of Hope Drawn from the Valley of Death: Harriet Tubman's Philosophy of Liberation","The North Star of Hope Drawn from the Valley of Death: Harriet Tubman's Philosophy of Liberation"
"th","harriet-tubman-wisdom","NO","The North Star of Hope Drawn from the Valley of Death: Harriet Tubman's Philosophy of Liberation","MISSING"
"tr","harriet-tubman-wisdom","NO","The North Star of Hope Drawn from the Valley of Death: Harriet Tubman's Philosophy of Liberation","MISSING"
"vi","harriet-tubman-wisdom","NO","The North Star of Hope Drawn from the Valley of Death: Harriet Tubman's Philosophy of Liberation","MISSING"
"zh","harriet-tubman-wisdom","NO","The North Star of Hope Drawn from the Valley of Death: Harriet Tubman's Philosophy of Liberation","MISSING"
"ar","yu-gwan-sun-wisdom","NO","The Eternal Flame Ignited in Darkness: The Unwavering Torch of Yu Gwan-sun and the Philosophy of Defiance","MISSING"
"fa","yu-gwan-sun-wisdom","NO","The Eternal Flame Ignited in Darkness: The Unwavering Torch of Yu Gwan-sun and the Philosophy of Defiance","MISSING"
"hi","yu-gwan-sun-wisdom","NO","The Eternal Flame Ignited in Darkness: The Unwavering Torch of Yu Gwan-sun and the Philosophy of Defiance","MISSING"
"nl","yu-gwan-sun-wisdom","NO","The Eternal Flame Ignited in Darkness: The Unwavering Torch of Yu Gwan-sun and the Philosophy of Defiance","MISSING"
"th","yu-gwan-sun-wisdom","NO","The Eternal Flame Ignited in Darkness: The Unwavering Torch of Yu Gwan-sun and the Philosophy of Defiance","MISSING"
"tr","yu-gwan-sun-wisdom","NO","The Eternal Flame Ignited in Darkness: The Unwavering Torch of Yu Gwan-sun and the Philosophy of Defiance","MISSING"
"vi","yu-gwan-sun-wisdom","NO","The Eternal Flame Ignited in Darkness: The Unwavering Torch of Yu Gwan-sun and the Philosophy of Defiance","MISSING"
"zh","yu-gwan-sun-wisdom","NO","The Eternal Flame Ignited in Darkness: The Unwavering Torch of Yu Gwan-sun and the Philosophy of Defiance","MISSING"
"ar","louis-braille-wisdom","NO","Feeling Through the Darkness to Shape the Light of the World: The Radiant Legacy of Louis Braille","MISSING"
"fa","louis-braille-wisdom","NO","Feeling Through the Darkness to Shape the Light of the World: The Radiant Legacy of Louis Braille","MISSING"
"hi","louis-braille-wisdom","NO","Feeling Through the Darkness to Shape the Light of the World: The Radiant Legacy of Louis Braille","MISSING"
"nl","louis-braille-wisdom","NO","Feeling Through the Darkness to Shape the Light of the World: The Radiant Legacy of Louis Braille","MISSING"
"th","louis-braille-wisdom","NO","Feeling Through the Darkness to Shape the Light of the World: The Radiant Legacy of Louis Braille","MISSING"
"tr","louis-braille-wisdom","NO","Feeling Through the Darkness to Shape the Light of the World: The Radiant Legacy of Louis Braille","MISSING"
"vi","louis-braille-wisdom","NO","Feeling Through the Darkness to Shape the Light of the World: The Radiant Legacy of Louis Braille","MISSING"
"zh","louis-braille-wisdom","NO","Feeling Through the Darkness to Shape the Light of the World: The Radiant Legacy of Louis Braille","MISSING"
"ar","harriet-beecher-stowe-wisdom","NO","The Flare of Liberation Fired by a Single Book: The Wisdom of Harriet Beecher Stowe","MISSING"
"fa","harriet-beecher-stowe-wisdom","NO","The Flare of Liberation Fired by a Single Book: The Wisdom of Harriet Beecher Stowe","MISSING"
"hi","harriet-beecher-stowe-wisdom","NO","The Flare of Liberation Fired by a Single Book: The Wisdom of Harriet Beecher Stowe","MISSING"
"nl","harriet-beecher-stowe-wisdom","NO","The Flare of Liberation Fired by a Single Book: The Wisdom of Harriet Beecher Stowe","MISSING"
"th","harriet-beecher-stowe-wisdom","NO","The Flare of Liberation Fired by a Single Book: The Wisdom of Harriet Beecher Stowe","MISSING"
"tr","harriet-beecher-stowe-wisdom","NO","The Flare of Liberation Fired by a Single Book: The Wisdom of Harriet Beecher Stowe","MISSING"
"vi","harriet-beecher-stowe-wisdom","NO","The Flare of Liberation Fired by a Single Book: The Wisdom of Harriet Beecher Stowe","MISSING"
"zh","harriet-beecher-stowe-wisdom","NO","The Flare of Liberation Fired by a Single Book: The Wisdom of Harriet Beecher Stowe","MISSING"
"ar","kim-gu-wisdom","NO","The Tears of Baekbeom Embracing a Divided Homeland: Leadership Toward True Unity","MISSING"
"fa","kim-gu-wisdom","NO","The Tears of Baekbeom Embracing a Divided Homeland: Leadership Toward True Unity","MISSING"
"hi","kim-gu-wisdom","NO","The Tears of Baekbeom Embracing a Divided Homeland: Leadership Toward True Unity","MISSING"
"nl","kim-gu-wisdom","NO","The Tears of Baekbeom Embracing a Divided Homeland: Leadership Toward True Unity","MISSING"
"th","kim-gu-wisdom","NO","The Tears of Baekbeom Embracing a Divided Homeland: Leadership Toward True Unity","MISSING"
"tr","kim-gu-wisdom","NO","The Tears of Baekbeom Embracing a Divided Homeland: Leadership Toward True Unity","MISSING"
"vi","kim-gu-wisdom","NO","The Tears of Baekbeom Embracing a Divided Homeland: Leadership Toward True Unity","MISSING"
"zh","kim-gu-wisdom","NO","The Tears of Baekbeom Embracing a Divided Homeland: Leadership Toward True Unity","MISSING"
"ar","immanuel-kant-wisdom","NO","Immanuel Kant: The Unwavering Starlight of the Moral Law","MISSING"
"fa","immanuel-kant-wisdom","NO","Immanuel Kant: The Unwavering Starlight of the Moral Law","MISSING"
"hi","immanuel-kant-wisdom","NO","Immanuel Kant: The Unwavering Starlight of the Moral Law","MISSING"
"nl","immanuel-kant-wisdom","NO","Immanuel Kant: The Unwavering Starlight of the Moral Law","MISSING"
"th","immanuel-kant-wisdom","NO","Immanuel Kant: The Unwavering Starlight of the Moral Law","MISSING"
"tr","immanuel-kant-wisdom","NO","Immanuel Kant: The Unwavering Starlight of the Moral Law","MISSING"
"vi","immanuel-kant-wisdom","NO","Immanuel Kant: The Unwavering Starlight of the Moral Law","MISSING"
"zh","immanuel-kant-wisdom","NO","Immanuel Kant: The Unwavering Starlight of the Moral Law","MISSING"
"ar","rene-descartes-wisdom","NO","The Foundation of Certainty Found at the End of Doubt: Descartes' Methodological Skepticism","MISSING"
"fa","rene-descartes-wisdom","NO","The Foundation of Certainty Found at the End of Doubt: Descartes' Methodological Skepticism","MISSING"
"hi","rene-descartes-wisdom","NO","The Foundation of Certainty Found at the End of Doubt: Descartes' Methodological Skepticism","MISSING"
"nl","rene-descartes-wisdom","NO","The Foundation of Certainty Found at the End of Doubt: Descartes' Methodological Skepticism","MISSING"
"th","rene-descartes-wisdom","NO","The Foundation of Certainty Found at the End of Doubt: Descartes' Methodological Skepticism","MISSING"
"tr","rene-descartes-wisdom","NO","The Foundation of Certainty Found at the End of Doubt: Descartes' Methodological Skepticism","MISSING"
"vi","rene-descartes-wisdom","NO","The Foundation of Certainty Found at the End of Doubt: Descartes' Methodological Skepticism","MISSING"
"zh","rene-descartes-wisdom","NO","The Foundation of Certainty Found at the End of Doubt: Descartes' Methodological Skepticism","MISSING"
"ar","jean-jacques-rousseau-wisdom","NO","Unearthing the Origins of Inequality and Crying Out for Freedom: The Echoes of Jean-Jacques Rousseau","MISSING"
"fa","jean-jacques-rousseau-wisdom","NO","Unearthing the Origins of Inequality and Crying Out for Freedom: The Echoes of Jean-Jacques Rousseau","MISSING"
"hi","jean-jacques-rousseau-wisdom","NO","Unearthing the Origins of Inequality and Crying Out for Freedom: The Echoes of Jean-Jacques Rousseau","MISSING"
"nl","jean-jacques-rousseau-wisdom","NO","Unearthing the Origins of Inequality and Crying Out for Freedom: The Echoes of Jean-Jacques Rousseau","MISSING"
"th","jean-jacques-rousseau-wisdom","NO","Unearthing the Origins of Inequality and Crying Out for Freedom: The Echoes of Jean-Jacques Rousseau","MISSING"
"tr","jean-jacques-rousseau-wisdom","NO","Unearthing the Origins of Inequality and Crying Out for Freedom: The Echoes of Jean-Jacques Rousseau","MISSING"
"vi","jean-jacques-rousseau-wisdom","NO","Unearthing the Origins of Inequality and Crying Out for Freedom: The Echoes of Jean-Jacques Rousseau","MISSING"
"zh","jean-jacques-rousseau-wisdom","NO","Unearthing the Origins of Inequality and Crying Out for Freedom: The Echoes of Jean-Jacques Rousseau","MISSING"
"ar","sigmund-freud-wisdom","NO","The Unconscious Beneath the Iceberg: Sigmund Freud’s Tale of the Deep Abyss","MISSING"
"fa","sigmund-freud-wisdom","NO","The Unconscious Beneath the Iceberg: Sigmund Freud’s Tale of the Deep Abyss","MISSING"
"hi","sigmund-freud-wisdom","NO","The Unconscious Beneath the Iceberg: Sigmund Freud’s Tale of the Deep Abyss","MISSING"
"nl","sigmund-freud-wisdom","NO","The Unconscious Beneath the Iceberg: Sigmund Freud’s Tale of the Deep Abyss","MISSING"
"th","sigmund-freud-wisdom","NO","The Unconscious Beneath the Iceberg: Sigmund Freud’s Tale of the Deep Abyss","MISSING"
"tr","sigmund-freud-wisdom","NO","The Unconscious Beneath the Iceberg: Sigmund Freud’s Tale of the Deep Abyss","MISSING"
"vi","sigmund-freud-wisdom","NO","The Unconscious Beneath the Iceberg: Sigmund Freud’s Tale of the Deep Abyss","MISSING"
"zh","sigmund-freud-wisdom","NO","The Unconscious Beneath the Iceberg: Sigmund Freud’s Tale of the Deep Abyss","MISSING"
"ar","carl-jung-wisdom","NO","Facing the Abyss Within: The Integration of the Self Guided by the Unconscious Shadow and Archetypes","MISSING"
"fa","carl-jung-wisdom","NO","Facing the Abyss Within: The Integration of the Self Guided by the Unconscious Shadow and Archetypes","MISSING"
"hi","carl-jung-wisdom","NO","Facing the Abyss Within: The Integration of the Self Guided by the Unconscious Shadow and Archetypes","MISSING"
"nl","carl-jung-wisdom","NO","Facing the Abyss Within: The Integration of the Self Guided by the Unconscious Shadow and Archetypes","MISSING"
"th","carl-jung-wisdom","NO","Facing the Abyss Within: The Integration of the Self Guided by the Unconscious Shadow and Archetypes","MISSING"
"tr","carl-jung-wisdom","NO","Facing the Abyss Within: The Integration of the Self Guided by the Unconscious Shadow and Archetypes","MISSING"
"vi","carl-jung-wisdom","NO","Facing the Abyss Within: The Integration of the Self Guided by the Unconscious Shadow and Archetypes","MISSING"
"zh","carl-jung-wisdom","NO","Facing the Abyss Within: The Integration of the Self Guided by the Unconscious Shadow and Archetypes","MISSING"
"ar","baruch-spinoza-wisdom","NO","Baruch Spinoza: Viewing the Unity of God and Nature Through the Lens of Reason","MISSING"
"fa","baruch-spinoza-wisdom","NO","Baruch Spinoza: Viewing the Unity of God and Nature Through the Lens of Reason","MISSING"
"hi","baruch-spinoza-wisdom","NO","Baruch Spinoza: Viewing the Unity of God and Nature Through the Lens of Reason","MISSING"
"nl","baruch-spinoza-wisdom","NO","Baruch Spinoza: Viewing the Unity of God and Nature Through the Lens of Reason","MISSING"
"th","baruch-spinoza-wisdom","NO","Baruch Spinoza: Viewing the Unity of God and Nature Through the Lens of Reason","MISSING"
"tr","baruch-spinoza-wisdom","NO","Baruch Spinoza: Viewing the Unity of God and Nature Through the Lens of Reason","MISSING"
"vi","baruch-spinoza-wisdom","NO","Baruch Spinoza: Viewing the Unity of God and Nature Through the Lens of Reason","MISSING"
"zh","baruch-spinoza-wisdom","NO","Baruch Spinoza: Viewing the Unity of God and Nature Through the Lens of Reason","MISSING"
"ar","friedrich-nietzsche-wisdom","NO","Nietzsche: The Philosopher with a Hammer and the Call of the Übermensch","MISSING"
"fa","friedrich-nietzsche-wisdom","NO","Nietzsche: The Philosopher with a Hammer and the Call of the Übermensch","MISSING"
"ha","friedrich-nietzsche-wisdom","YES","Nietzsche: The Philosopher with a Hammer and the Call of the Übermensch","MISSING"
"hi","friedrich-nietzsche-wisdom","NO","Nietzsche: The Philosopher with a Hammer and the Call of the Übermensch","MISSING"
"nl","friedrich-nietzsche-wisdom","NO","Nietzsche: The Philosopher with a Hammer and the Call of the Übermensch","MISSING"
"sw","friedrich-nietzsche-wisdom","YES","Nietzsche: The Philosopher with a Hammer and the Call of the Übermensch","MISSING"
"th","friedrich-nietzsche-wisdom","NO","Nietzsche: The Philosopher with a Hammer and the Call of the Übermensch","MISSING"
"tr","friedrich-nietzsche-wisdom","NO","Nietzsche: The Philosopher with a Hammer and the Call of the Übermensch","MISSING"
"vi","friedrich-nietzsche-wisdom","NO","Nietzsche: The Philosopher with a Hammer and the Call of the Übermensch","MISSING"
"zh","friedrich-nietzsche-wisdom","NO","Nietzsche: The Philosopher with a Hammer and the Call of the Übermensch","MISSING"
"ar","soren-kierkegaard-wisdom","NO","A Single Individual Standing Before God at the Edge of Despair","MISSING"
"fa","soren-kierkegaard-wisdom","NO","A Single Individual Standing Before God at the Edge of Despair","MISSING"
"ha","soren-kierkegaard-wisdom","YES","A Single Individual Standing Before God at the Edge of Despair","MISSING"
"hi","soren-kierkegaard-wisdom","NO","A Single Individual Standing Before God at the Edge of Despair","MISSING"
"nl","soren-kierkegaard-wisdom","NO","A Single Individual Standing Before God at the Edge of Despair","MISSING"
"sw","soren-kierkegaard-wisdom","YES","A Single Individual Standing Before God at the Edge of Despair","MISSING"
"th","soren-kierkegaard-wisdom","NO","A Single Individual Standing Before God at the Edge of Despair","MISSING"
"tr","soren-kierkegaard-wisdom","NO","A Single Individual Standing Before God at the Edge of Despair","MISSING"
"vi","soren-kierkegaard-wisdom","NO","A Single Individual Standing Before God at the Edge of Despair","MISSING"
"zh","soren-kierkegaard-wisdom","NO","A Single Individual Standing Before God at the Edge of Despair","MISSING"
"ar","albert-einstein-wisdom","NO","Cosmic Reasoning That Lifted the Veil of Time and Space: Albert Einstein","MISSING"
"fa","albert-einstein-wisdom","NO","Cosmic Reasoning That Lifted the Veil of Time and Space: Albert Einstein","MISSING"
"ha","albert-einstein-wisdom","YES","Cosmic Reasoning That Lifted the Veil of Time and Space: Albert Einstein","MISSING"
"hi","albert-einstein-wisdom","NO","Cosmic Reasoning That Lifted the Veil of Time and Space: Albert Einstein","MISSING"
"nl","albert-einstein-wisdom","NO","Cosmic Reasoning That Lifted the Veil of Time and Space: Albert Einstein","MISSING"
"sw","albert-einstein-wisdom","YES","Cosmic Reasoning That Lifted the Veil of Time and Space: Albert Einstein","MISSING"
"th","albert-einstein-wisdom","NO","Cosmic Reasoning That Lifted the Veil of Time and Space: Albert Einstein","MISSING"
"tr","albert-einstein-wisdom","NO","Cosmic Reasoning That Lifted the Veil of Time and Space: Albert Einstein","MISSING"
"vi","albert-einstein-wisdom","NO","Cosmic Reasoning That Lifted the Veil of Time and Space: Albert Einstein","MISSING"
"zh","albert-einstein-wisdom","NO","Cosmic Reasoning That Lifted the Veil of Time and Space: Albert Einstein","MISSING"
"ar","marie-curie-wisdom","NO","A Life-Risking Dedication to the Unknown Light: The Life and Philosophy of Marie Curie","MISSING"
"fa","marie-curie-wisdom","NO","A Life-Risking Dedication to the Unknown Light: The Life and Philosophy of Marie Curie","MISSING"
"ha","marie-curie-wisdom","YES","A Life-Risking Dedication to the Unknown Light: The Life and Philosophy of Marie Curie","MISSING"
"hi","marie-curie-wisdom","NO","A Life-Risking Dedication to the Unknown Light: The Life and Philosophy of Marie Curie","MISSING"
"nl","marie-curie-wisdom","NO","A Life-Risking Dedication to the Unknown Light: The Life and Philosophy of Marie Curie","MISSING"
"sw","marie-curie-wisdom","YES","A Life-Risking Dedication to the Unknown Light: The Life and Philosophy of Marie Curie","MISSING"
"th","marie-curie-wisdom","NO","A Life-Risking Dedication to the Unknown Light: The Life and Philosophy of Marie Curie","MISSING"
"tr","marie-curie-wisdom","NO","A Life-Risking Dedication to the Unknown Light: The Life and Philosophy of Marie Curie","MISSING"
"vi","marie-curie-wisdom","NO","A Life-Risking Dedication to the Unknown Light: The Life and Philosophy of Marie Curie","MISSING"
"zh","marie-curie-wisdom","NO","A Life-Risking Dedication to the Unknown Light: The Life and Philosophy of Marie Curie","MISSING"
"ar","charles-darwin-wisdom","NO","Charles Darwin: The Solitary Observer Who Mapped the Tree of Life","MISSING"
"fa","charles-darwin-wisdom","NO","Charles Darwin: The Solitary Observer Who Mapped the Tree of Life","MISSING"
"ha","charles-darwin-wisdom","YES","Charles Darwin: The Solitary Observer Who Mapped the Tree of Life","MISSING"
"hi","charles-darwin-wisdom","NO","Charles Darwin: The Solitary Observer Who Mapped the Tree of Life","MISSING"
"nl","charles-darwin-wisdom","NO","Charles Darwin: The Solitary Observer Who Mapped the Tree of Life","MISSING"
"sw","charles-darwin-wisdom","YES","Charles Darwin: The Solitary Observer Who Mapped the Tree of Life","MISSING"
"th","charles-darwin-wisdom","NO","Charles Darwin: The Solitary Observer Who Mapped the Tree of Life","MISSING"
"tr","charles-darwin-wisdom","NO","Charles Darwin: The Solitary Observer Who Mapped the Tree of Life","MISSING"
"vi","charles-darwin-wisdom","NO","Charles Darwin: The Solitary Observer Who Mapped the Tree of Life","MISSING"
"zh","charles-darwin-wisdom","NO","Charles Darwin: The Solitary Observer Who Mapped the Tree of Life","MISSING"
"ar","isaac-newton-wisdom","NO","Unraveling the Order of the Universe on the Shoulders of Giants","MISSING"
"fa","isaac-newton-wisdom","NO","Unraveling the Order of the Universe on the Shoulders of Giants","MISSING"
"ha","isaac-newton-wisdom","YES","Unraveling the Order of the Universe on the Shoulders of Giants","MISSING"
"hi","isaac-newton-wisdom","NO","Unraveling the Order of the Universe on the Shoulders of Giants","MISSING"
"nl","isaac-newton-wisdom","NO","Unraveling the Order of the Universe on the Shoulders of Giants","MISSING"
"sw","isaac-newton-wisdom","YES","Unraveling the Order of the Universe on the Shoulders of Giants","MISSING"
"th","isaac-newton-wisdom","NO","Unraveling the Order of the Universe on the Shoulders of Giants","MISSING"
"tr","isaac-newton-wisdom","NO","Unraveling the Order of the Universe on the Shoulders of Giants","MISSING"
"vi","isaac-newton-wisdom","NO","Unraveling the Order of the Universe on the Shoulders of Giants","MISSING"
"zh","isaac-newton-wisdom","NO","Unraveling the Order of the Universe on the Shoulders of Giants","MISSING"
"ar","galileo-galilei-wisdom","NO","A Lonely Gaze Toward Truth: And Yet It Moves","MISSING"
"fa","galileo-galilei-wisdom","NO","A Lonely Gaze Toward Truth: And Yet It Moves","MISSING"
"ha","galileo-galilei-wisdom","YES","A Lonely Gaze Toward Truth: And Yet It Moves","MISSING"
"hi","galileo-galilei-wisdom","NO","A Lonely Gaze Toward Truth: And Yet It Moves","MISSING"
"nl","galileo-galilei-wisdom","NO","A Lonely Gaze Toward Truth: And Yet It Moves","MISSING"
"sw","galileo-galilei-wisdom","YES","A Lonely Gaze Toward Truth: And Yet It Moves","MISSING"
"th","galileo-galilei-wisdom","NO","A Lonely Gaze Toward Truth: And Yet It Moves","MISSING"
"tr","galileo-galilei-wisdom","NO","A Lonely Gaze Toward Truth: And Yet It Moves","MISSING"
"vi","galileo-galilei-wisdom","NO","A Lonely Gaze Toward Truth: And Yet It Moves","MISSING"
"zh","galileo-galilei-wisdom","NO","A Lonely Gaze Toward Truth: And Yet It Moves","MISSING"
"ar","nicolaus-copernicus-wisdom","NO","The Quiet Revolution That Moved the Center of the Universe","MISSING"
"fa","nicolaus-copernicus-wisdom","NO","The Quiet Revolution That Moved the Center of the Universe","MISSING"
"ha","nicolaus-copernicus-wisdom","YES","The Quiet Revolution That Moved the Center of the Universe","MISSING"
"hi","nicolaus-copernicus-wisdom","NO","The Quiet Revolution That Moved the Center of the Universe","MISSING"
"nl","nicolaus-copernicus-wisdom","NO","The Quiet Revolution That Moved the Center of the Universe","MISSING"
"sw","nicolaus-copernicus-wisdom","YES","The Quiet Revolution That Moved the Center of the Universe","MISSING"
"th","nicolaus-copernicus-wisdom","NO","The Quiet Revolution That Moved the Center of the Universe","MISSING"
"tr","nicolaus-copernicus-wisdom","NO","The Quiet Revolution That Moved the Center of the Universe","MISSING"
"vi","nicolaus-copernicus-wisdom","NO","The Quiet Revolution That Moved the Center of the Universe","MISSING"
"zh","nicolaus-copernicus-wisdom","NO","The Quiet Revolution That Moved the Center of the Universe","MISSING"
"ar","leonardo-da-vinci-wisdom","NO","The Ultimate Embodiment of the Renaissance, Leonardo da Vinci: The Universal Genius Who Broke the Boundaries Between Art and Science","MISSING"
"fa","leonardo-da-vinci-wisdom","NO","The Ultimate Embodiment of the Renaissance, Leonardo da Vinci: The Universal Genius Who Broke the Boundaries Between Art and Science","MISSING"
"ha","leonardo-da-vinci-wisdom","YES","The Ultimate Embodiment of the Renaissance, Leonardo da Vinci: The Universal Genius Who Broke the Boundaries Between Art and Science","MISSING"
"hi","leonardo-da-vinci-wisdom","NO","The Ultimate Embodiment of the Renaissance, Leonardo da Vinci: The Universal Genius Who Broke the Boundaries Between Art and Science","MISSING"
"nl","leonardo-da-vinci-wisdom","NO","The Ultimate Embodiment of the Renaissance, Leonardo da Vinci: The Universal Genius Who Broke the Boundaries Between Art and Science","MISSING"
"sw","leonardo-da-vinci-wisdom","YES","The Ultimate Embodiment of the Renaissance, Leonardo da Vinci: The Universal Genius Who Broke the Boundaries Between Art and Science","MISSING"
"th","leonardo-da-vinci-wisdom","NO","The Ultimate Embodiment of the Renaissance, Leonardo da Vinci: The Universal Genius Who Broke the Boundaries Between Art and Science","MISSING"
"tr","leonardo-da-vinci-wisdom","NO","The Ultimate Embodiment of the Renaissance, Leonardo da Vinci: The Universal Genius Who Broke the Boundaries Between Art and Science","MISSING"
"vi","leonardo-da-vinci-wisdom","NO","The Ultimate Embodiment of the Renaissance, Leonardo da Vinci: The Universal Genius Who Broke the Boundaries Between Art and Science","MISSING"
"zh","leonardo-da-vinci-wisdom","NO","The Ultimate Embodiment of the Renaissance, Leonardo da Vinci: The Universal Genius Who Broke the Boundaries Between Art and Science","MISSING"
"ar","thomas-edison-wisdom","NO","The Light Forged from 1% Inspiration and 99% Perspiration: Thomas Edison's Unending Experiment","MISSING"
"fa","thomas-edison-wisdom","NO","The Light Forged from 1% Inspiration and 99% Perspiration: Thomas Edison's Unending Experiment","MISSING"
"ha","thomas-edison-wisdom","YES","The Light Forged from 1% Inspiration and 99% Perspiration: Thomas Edison's Unending Experiment","MISSING"
"hi","thomas-edison-wisdom","NO","The Light Forged from 1% Inspiration and 99% Perspiration: Thomas Edison's Unending Experiment","MISSING"
"nl","thomas-edison-wisdom","NO","The Light Forged from 1% Inspiration and 99% Perspiration: Thomas Edison's Unending Experiment","MISSING"
"sw","thomas-edison-wisdom","YES","The Light Forged from 1% Inspiration and 99% Perspiration: Thomas Edison's Unending Experiment","MISSING"
"th","thomas-edison-wisdom","NO","The Light Forged from 1% Inspiration and 99% Perspiration: Thomas Edison's Unending Experiment","MISSING"
"tr","thomas-edison-wisdom","NO","The Light Forged from 1% Inspiration and 99% Perspiration: Thomas Edison's Unending Experiment","MISSING"
"vi","thomas-edison-wisdom","NO","The Light Forged from 1% Inspiration and 99% Perspiration: Thomas Edison's Unending Experiment","MISSING"
"zh","thomas-edison-wisdom","NO","The Light Forged from 1% Inspiration and 99% Perspiration: Thomas Edison's Unending Experiment","MISSING"